100 Rizes Seaside Resort- Small Luxury Hotels of The World|https://100rizesseasideresort.com/|Gytheio|East Mani|GR|2020-01-01|https://i.travelapi.com/hotels/27000000/26770000/26763500/26763410/9e421f92_b.jpg|36.67606|22.52388|1002884
Adare Manor|https://www.adaremanor.com/|Adare|Adare|IE|2017-11-01|https://i.travelapi.com/hotels/1000000/870000/860400/860383/a0397adf_b.jpg|52.56494|-8.78695|181933
African Pride Arabella Hotel & Spa, Autograph Collection|https://www.marriott.com/hotels/travel/cptak-african-pride-arabella-hotel-and-spa-autograph-collection/|R44 Kleinmond|Kleinmond|ZA|2018-02-01|https://i.travelapi.com/hotels/1000000/700000/696100/696005/86af641e_b.jpg|-34.31047|19.12963|238084
African Pride Irene Country Lodge, Autograph Collection|https://www.marriott.com/hotels/travel/jnbrl-african-pride-irene-country-lodge-autograph-collection/|Nellmapius Drive|Centurion|ZA|2018-02-01|https://i.travelapi.com/hotels/1000000/910000/901900/901825/365318a3_b.jpg|-25.87651|28.2114|174384
African Pride Mount Grace Country House & Spa, Autograph Collection|https://www.marriott.com/hotels/travel/jnbmm-african-pride-mount-grace-country-house-and-spa-autograph-collection/|Old Rustenburg Road|Magaliesberg|ZA|2018-02-01|https://i.travelapi.com/hotels/1000000/390000/384500/384488/c88c5d3a_b.jpg|-25.98264|27.55193|308015
Akyra Sukhumvit Bangkok|http://www.theakyra.com/bangkok/sukhumvit/|7 Sukhumvit 20, Sukhumvit Road|Bangkok|TH|2018-05-12|https://i.travelapi.com/hotels/22000000/21620000/21617100/21617065/93e9fb46_b.jpg|13.73134|100.56401|799642
Al Bait Sharjah|https://www.ghmhotels.com/en/the-chedi-al-bait-sharjah/|Heart of Sharjah, Al Mareija|Sharjah|AE|2020-01-01|https://i.travelapi.com/hotels/24000000/23720000/23711900/23711862/c12239f7_b.jpg|25.35954|55.3832|893745
Al Bandar Rotana|https://www.rotana.com/rotanahotelandresorts/unitedarabemirates/dubai/albandarrotana|Baniyas Road, Deira|Dubai|AE|2018-03-01|https://i.travelapi.com/hotels/20000000/19320000/19319000/19318983/b9f8c4cb_b.jpg|25.25978|55.31805|732220
Al Seef Heritage Hotel Dubai, Curio Collection by Hilton|https://curiocollection3.hilton.com/en/hotels/uae/al-seef-heritage-hotel-dubai-curio-collection-by-hilton-DXBASQQ/index.html|Al Seef Street, Dubai Creek|Dubai|AE|2019-08-01|https://i.travelapi.com/hotels/28000000/27550000/27546100/27546056/d05c9eb2_b.jpg|25.26388|55.30519|1016859
Aleph Rome Hotel Curio Collection by Hilton|http://curiocollection3.hilton.com/en/hotels/italy/aleph-rome-hotel-curio-collection-by-hilton-FCOAHQQ/index.html|Via di San Basilio 15|Rome|IT|2017-12-01|https://i.travelapi.com/hotels/1000000/910000/906000/905949/115b4e23_b.jpg|41.90521|12.48996|206379
Alila Fort Bishangarh, Jaipur|https://www.alilahotels.com/fortbishangarh|Off NH-8 at Manoharpur, Jaipur|Bishangarh|IN|2017-08-01|NULL|27.32137|75.89396|670335
AlRayyan Hotel Doha, Curio Collection by Hilton|http://curiocollection3.hilton.com/en/hotels/qatar/alrayyan-hotel-doha-curio-collection-by-hilton-DOHMOQQ/index.html|Mall of Qatar|Al Rayyan|QA|2017-08-01|https://i.travelapi.com/hotels/16000000/15650000/15642500/15642424/6dda7b6f_b.jpg|25.32474|51.35102|609566
ALVEAR ICON HOTEL – LEADING HOTEL OF THE WORLD|https://www.lhw.com/hotel/Alvear-Icon-Hotel-Residences-Buenos-Aires-Argentina|Aime Paine 1130|Buenos Aires|AR|2017-07-01|https://i.travelapi.com/hotels/18000000/17720000/17715300/17715256/0d70c318_b.jpg|-34.61037|-58.36201|673385
Aman Kyoto|https://www.aman.com/resorts/aman-kyoto|1 Okitayama Washimine Cho|Kyoto|JP|2020-01-01|https://i.travelapi.com/hotels/37000000/36780000/36772100/36772085/a3866104_b.jpg|35.00025|135.75237|3802161
Amara Signature Shanghai|https://shanghai.amarahotels.com/|No. 600 Changshou Road|Shanghai|CN|2018-02-01|https://i.travelapi.com/hotels/20000000/19420000/19410300/19410214/d7d543a0_b.jpg|31.23831|121.43554|724185
Belizean Shores Resort|https://ambergriscay.com/|Ambergris Caye|San Pedro|BZ|2020-01-01|https://i.travelapi.com/hotels/2000000/1180000/1171800/1171716/30ec314b_b.jpg|17.96153|-87.93423|226707
Anantara Quy Nhon Villas|https://www.anantara.com/en/quy-nhon|Bai Dai, Ghenh Rang|Quy Nhon|VN|2018-08-01|https://i.travelapi.com/hotels/31000000/30940000/30930300/30930202/019fedd5_b.jpg|13.70008|109.22201|1058638
Angsana Zhuhai Phoenix Bay|https://www.angsana.com/en/china/zhuhai|No. 9 Quanxing East Road|Zhuhai|CN|2018-06-01|https://i.travelapi.com/hotels/21000000/20290000/20289400/20289336/fbd76c64_b.jpg|22.31208|113.60243|764650
Anselmo Buenos Aires Curio Collection By Hilton|http://curiocollection3.hilton.com/en/hotels/argentina/anselmo-buenos-aires-curio-collection-by-hilton-BUEBAQQ/index.html|Anselmo Aieta 1069|Buenos Aires|AR|2017-12-01|https://i.travelapi.com/hotels/12000000/11650000/11647100/11647055/d839da02_b.jpg|-34.62036|-58.37212|538371
Atelier Playa Mujeres - All Inclusive|https://atelierdehoteles.com/atelier-playa-mujeres/|Prolongación Bonampak S/N Mz 1|Playa Mujeres|MX|2019-01-15|https://i.travelapi.com/hotels/28000000/27530000/27527500/27527416/d749c784_b.jpg|21.25269|-86.81497|1026151
Marriott Orlando Airport Lakeside|https://www.august-antwerp.com/|7499 Augusta National Dr|Orlando|US|2019-06-01|https://i.travelapi.com/hotels/1000000/20000/14900/14900/c5f52251_b.jpg|28.45617|-81.30567|106139
Avani Adelaide Residences|https://www.avanihotels.com/en/adelaide|176 Franklin Street|Adelaide|AU|2019-11-01|https://i.travelapi.com/hotels/35000000/34280000/34278300/34278252/4a72ecf0_b.jpg|-34.92754|138.59227|1858241
Avani Melbourne Box Hill Residences|https://www.avanihotels.com/en/box-hill|12-14 Nelson Road|Box Hill|AU|2019-11-01|https://i.travelapi.com/hotels/38000000/37130000/37129900/37129898/71c4cb77_b.jpg|-37.81625|145.11986|2087990
Baglioni Resort Maldives - The Leading Hotels of the World|https://www.baglionihotels.com/branches/baglioni-resort-maldives/|Kalhuhuraa Magu|Maagau Island|MV|2019-06-15|https://i.travelapi.com/hotels/22000000/21210000/21202100/21202005/c19e2647_b.jpg|2.94785|72.9146|784597
Grand Hyatt Baha Mar|https://bahamar.com/|One Baha Mar Boulevard|Nassau|BS|2017-06-01|NULL|25.06886|-77.4004|476982
Bangkok Marriott Hotel The Surawongse|http://www.marriott.com/hotels/travel/bkkwo-bangkok-marriott-hotel-the-surawongse/|262 Thanon Surawong, Khwaeng Si Phraya|Bangkok|TH|2018-04-15|https://i.travelapi.com/hotels/22000000/21480000/21472600/21472564/85eedc4e_b.jpg|13.72711|100.52254|805123
Bankside Hotel, Autograph Collection|https://www.marriott.com/hotels/travel/lonkb-bankside-hotel-autograph-collection/|2 Blackfriars Road|London|GB|2018-10-01|https://i.travelapi.com/hotels/28000000/27350000/27347300/27347295/45e6f5b6_b.jpg|51.50646|-0.10446|1034352
BEI Zhaolong Hotel, a Joie de Vivre hotel|https://www.hyatt.com/en-US/hotel/china/jdv-bei-zhaolong/pekal|No 2 Gongti North Road|Beijing|CN|2019-11-01|NULL|39.93339|116.46053|2248694
BEI Zhaolong Hotel, a Joie de Vivre hotel|https://www.hyatt.com/en-US/hotel/china/jdv-bei-zhaolong/pekal|No 2 Gongti North Road|Beijing|CN|2019-09-01|NULL|39.93339|116.46053|2248694
Beijing Marriott Hotel Changping|http://www.marriott.com/hotels/travel/bjscp-beijing-marriott-hotel-changping/|29 Nan Kou Rd Cheng Nan St|Changping|CN|2018-05-01|https://i.travelapi.com/hotels/29000000/28960000/28953800/28953792/092bfec0_b.jpg|40.23424|116.19582|1020682
Bellagio Shanghai (on the Bund)|https://www.lhw.com/hotel/Bellagio-Shanghai-Hongkou-District-China|188 North Suzhou Road, Hongkou District|Shanghai|CN|2018-06-08|https://i.travelapi.com/hotels/19000000/18560000/18554100/18554052/8e3b0b5c_b.jpg|31.24668|121.48295|698182
Belmond Cadogan Hotel|https://www.belmond.com/hotels/europe/uk/london/belmond-cadogan-hotel/|75 Sloane Street|London|GB|2019-05-01|https://i.travelapi.com/hotels/1000000/470000/460400/460363/8f764901_b.jpg|51.49701|-0.15893|180554
Bless Hotel Ibiza, a member of The Leading Hotels of the World|https://www.blesscollectionhotels.com/en/ibiza/bless-hotel-ibiza|C/ Cala Nova- Es Canar|Santa Eulalia del Rio|ES|2019-08-01|https://i.travelapi.com/hotels/1000000/910000/909400/909354/c3bc4ee4_b.jpg|39.00662|1.58068|211049
Britannia Hotel Edinburgh|https://britannia.no/en|69 Belford Road|Edinburgh|GB|2019-05-01|https://i.travelapi.com/hotels/1000000/10000/4600/4533/f8a40f36_b.jpg|55.95069|-3.22256|115055
Camissa House|https://www.camissahouse.com/|28 Bridle Road, Oranjezicht|Cape Town|ZA|2020-01-01|https://i.travelapi.com/hotels/38000000/37050000/37049300/37049218/973b17ba_b.jpg|-33.94727|18.41707|2558421
Can Bordoy Grand House & Garden|https://www.canbordoy.com/en/|Carrer del Forn de la Glòria 14|Palma de Mallorca|ES|2019-02-01|https://i.travelapi.com/hotels/24000000/24000000/23997800/23997740/9e32a26c_b.jpg|39.56958|2.64439|900471
Canaves Oia Epitome|https://canaves.com/canaves-oia-epitome/|Eparchiaki Odos Oia|Santorini|GR|2018-04-01|https://i.travelapi.com/hotels/21000000/20270000/20260400/20260377/956f2eb2_b.jpg|36.46394|25.37091|763221
Cape Fahn Hotel Samui|https://capefahnhotel.com/|24/269 Moo 5, T. Bo-Phut|Koh Samui|TH|2018-09-15|https://i.travelapi.com/hotels/27000000/26530000/26522700/26522679/d1af981b_b.jpg|9.57356|100.08769|956062
Capella Shanghai, Jian Ye Li|https://www.capellahotels.com/shanghai/|480 West Jianguo Road, Xuhui District|Shanghai|CN|2018-04-01|https://i.travelapi.com/hotels/20000000/19930000/19922600/19922546/fee2bc4f_b.jpg|31.2031|121.45145|748924
Caribe Hilton|https://www.caribehilton.com/|1 San Geronimo Street|San Juan|PR|2019-05-15|https://i.travelapi.com/hotels/1000000/10000/9300/9228/e680a719_b.jpg|18.46358|-66.08602|113109
Casa Adela|https://www.hotelcasaadela.com/|C Nogal sn 24123 Cuevas de Viñayo|Carrocera|ES|2019-05-01|https://i.travelapi.com/hotels/30000000/29780000/29777400/29777308/be86c1f5_b.jpg|42.8157|-5.75247|1382317
Casa Cook Kos|http://casacook.com/kos|Marmari|Kos|GR|2018-01-01|https://i.travelapi.com/hotels/18000000/17870000/17869300/17869227/58ec2c1f_b.jpg|36.87728|27.14173|680067
Giannoulis – Cavo Spada Luxury Sports & Leisure Resort & Spa|http://www.cavospada.gr/|Rapaniana Kolymbari|Platanias|GR|2018-03-01|https://i.travelapi.com/hotels/3000000/2750000/2745400/2745304/d3af6438_b.jpg|35.5348|23.80363|322434
COMO Uma Canggu|https://www.comohotels.com/umacanggu|Jalan Pantai Batu Mejan|Canggu|ID|2018-01-01|https://i.travelapi.com/hotels/22000000/21650000/21649500/21649410/3c09274e_b.jpg|-8.65435|115.12587|805166
Conrad Bora Bora Nui|http://conradhotels3.hilton.com/en/hotels/french-polynesia/conrad-bora-bora-nui-PPTBNCI/gallery/index.html|BP 502 Vaitape|Bora Bora|PF|2017-11-01|https://i.travelapi.com/hotels/17000000/16650000/16649100/16649075/500acb65_b.jpg|-16.52805|-151.77014|645426
Conrad Hangzhou Tonglu|https://conradhotels3.hilton.com/en/hotels/china/conrad-hangzhou-tonglu-HGHYFCI/index.html|No 2 Yin Zhu, Tianxi Lake Resort|Hangzhou|CN|2019-05-01|https://i.travelapi.com/hotels/34000000/33100000/33093000/33092942/6176ea97_b.jpg|29.98619|119.41495|2675143
Conrad Punta de Mita|https://conradhotels3.hilton.com/en/hotels/nayarit/conrad-punta-de-mita-PVRPMCI/index.html|Carretera Punta de Mita|Higuera Blanca|MX|2020-02-01|https://i.travelapi.com/hotels/41000000/40740000/40733100/40733092/ff8d5a73_b.jpg|20.79129|-105.48649|2559498
Conrad Shenyang|https://conradhotels3.hilton.com/en/hotels/china/conrad-shenyang-SHEYACI/index.html|No. 1-1 Qingnian Avenue, Shenhe District|Shenyang|CN|2019-06-01|https://i.travelapi.com/hotels/35000000/34330000/34323400/34323329/95b6913b_b.jpg|41.80211|123.43318|1940255
Conrad Tianjin|https://conradhotels3.hilton.com/en/hotels/china/conrad-tianjin-TSNTNCI/index.html|46 Tianta Road, Nankai District|Tianjin|CN|2019-08-01|https://i.travelapi.com/hotels/37000000/36270000/36261800/36261749/54d88c5b_b.jpg|39.09261|117.176|2097250
Hotel CoolRooms Atocha|https://coolrooms.com/atocha/en/|Calle de Atocha 34|Madrid|ES|2020-02-01|https://i.travelapi.com/hotels/26000000/25050000/25045600/25045585/5613820f_b.jpg|40.41318|-3.70106|937820
Courtyard by Marriott Aruba Resort|https://www.marriott.com/hotels/travel/auacy-courtyard-aruba-resort/|J.E. Irausquin Blvd. # 330|Noord|AW|2020-01-01|https://i.travelapi.com/hotels/1000000/50000/40900/40884/a38e1dc3_b.jpg|12.56395|-70.04689|204401
Crowne Plaza Christchurch|https://www.ihg.com/crowneplaza/hotels/us/en/christchurch/chccs/hoteldetail|764 Colombo Street|Christchurch|NZ|2017-07-07|https://i.travelapi.com/hotels/19000000/18150000/18147500/18147427/df40d76d_b.jpg|-43.52905|172.63691|688761
Crowne Plaza Muscat|https://www.ihg.com/crowneplaza/hotels/us/en/muscat/msccp/hoteldetail|BLDG 1730, Qurum Street|Muscat|OM|2017-12-01|https://i.travelapi.com/hotels/1000000/520000/519900/519895/63d2723a_b.jpg|23.62902|58.48329|273551
Crowne Plaza Nairobi Airport|https://www.ihg.com/crowneplaza/hotels/us/en/nairobi/nboir/hoteldetail|First Freight Lane|Nairobi|KE|2018-04-01|https://i.travelapi.com/hotels/18000000/17600000/17595200/17595186/b6b57f4f_b.jpg|-1.3406|36.9132|671196
Crowne Plaza Nanchang Wanli|https://www.ihg.com/crowneplaza/hotels/us/en/nanchang/khncp/hoteldetail|No.66 Hongwan Avenue|Nanchang|CN|2018-03-31|https://i.travelapi.com/hotels/22000000/21300000/21290600/21290512/2923c6ea_b.jpg|28.70356|115.75551|787314
Crowne Plaza Riyadh Palace|https://www.ihg.com/crowneplaza/hotels/us/en/riyadh/ruhrp/hoteldetail|Prince Abdul Rahman Bin Abdul Aziz st.|Riyadh|SA|2018-06-01|https://i.travelapi.com/hotels/14000000/13310000/13307800/13307717/c2400f5f_b.jpg|24.66458|46.71094|567682
Crowne Plaza Shanghai Pujiang|https://www.ihg.com/crowneplaza/hotels/us/en/shanghai/shgpu/hoteldetail|No. 3701 Chenhang, Minhang District|Shanghai|CN|2017-08-27|https://i.travelapi.com/hotels/19000000/18470000/18467100/18467016/7339a25c_b.jpg|31.09344|121.48917|717755
Hôtel de Crillon A Rosewood Hotel|https://www.rosewoodhotels.com/en/hotel-de-crillon|10 Place de la Concorde|Paris|FR|2017-07-01|https://i.travelapi.com/hotels/1000000/30000/26100/26025/222f723e_b.jpg|48.86771|2.32112|112507
DoubleTree by Hilton Okinawa Chatan Resort|https://doubletree3.hilton.com/en/hotels/japan/doubletree-by-hilton-okinawa-chatan-resort-OKADIDI/index.html|43 Mihama|Chatan|JP|2018-09-01|https://i.travelapi.com/hotels/23000000/22170000/22166200/22166183/16659c9f_b.jpg|26.31778|127.75393|811865
The DoubleTree by Hilton Stratford-upon-Avon|https://doubletree3.hilton.com/en/hotels/united-kingdom/doubletree-by-hilton-stratford-upon-avon-BHXSADI/index.html|Arden Street|Stratford-upon-Avon|GB|2018-08-01|https://i.travelapi.com/hotels/1000000/570000/565800/565713/877bb7f1_b.jpg|52.19381|-1.71232|180147
DoubleTree by Hilton Wellington|https://doubletree3.hilton.com/en/hotels/new-zealand/doubletree-by-hilton-wellington-WLGNTDI/index.html|Corner of Lambton Quay and Grey Street|Wellington|NZ|2018-09-01|https://i.travelapi.com/hotels/20000000/19860000/19858900/19858858/b5b6e6f6_b.jpg|-41.28415|174.77569|771042
Eden Rock Resort|https://www.oetkercollection.com/hotels/eden-rock-st-barths/|Via Clemente Biondetti 7|Florence|IT|2020-01-01|https://i.travelapi.com/hotels/2000000/1730000/1723300/1723244/9b07c237_b.jpg|43.81276|11.28353|297407
Elizabeth Unique Hotel - A Member of Design Hotels|http://www.ehrome.com/en/|Via delle Colonnette 35|Rome|IT|2018-04-01|https://i.travelapi.com/hotels/22000000/21770000/21766300/21766247/061835da_b.jpg|41.90713|12.47721|810261
Emerald Palace Kempinski Dubai|https://www.kempinski.com/en/dubai/emerald-palace-kempinski-dubai/|Crescent west Palm Jumeirah|Dubai|AE|2019-01-15|https://i.travelapi.com/hotels/22000000/21170000/21161700/21161688/41be99b7_b.jpg|25.11062|55.10948|999831
Estudio Playa Mujeres by Atelier de Hoteles All Inclusive|https://atelierdehoteles.com/estudio-playa-mujeres/|Prolongacion Bonampak S/N Mz1|Playa Mujeres|MX|2019-01-15|https://i.travelapi.com/hotels/38000000/37300000/37299100/37299077/5775426d_b.jpg|21.25397|-86.8141|2137937
Fabric Hotel - An Atlas Boutique Hotel|https://www.atlas.co.il/fabric-hotel-tel-aviv|28, Nahalat Benyamin|Tel Aviv|IL|2018-06-01|https://i.travelapi.com/hotels/26000000/25180000/25178800/25178756/26525e6b_b.jpg|32.06576|34.77056|946604
Fairmont Maldives Sirru Fen Fushi|http://www.sirrufenfushi.com/|PO Box 2111, Shaviyani Atoll, Maldives|Gaakoshinbi|MV|2018-04-01|https://i.travelapi.com/hotels/21000000/20830000/20823900/20823848/547947e1_b.jpg|6.29064|73.0112|783205
Fantasia Bahia Principe Tenerife - All Inclusive|https://www.bahia-principe.com/en/hotels-in-spain/resort-fantasia/|Avenida JM Galván Bello|San Miguel de Abona|ES|2018-10-01|https://i.travelapi.com/hotels/22000000/21630000/21628700/21628653/eadbb2ee_b.jpg|28.0328|-16.61154|800664
Fendi Private Suites|http://www.fendiprivatesuites.com/en|Via della Fontanella di Borghese, 48|Rome|IT|2018-04-01|https://i.travelapi.com/hotels/13000000/12960000/12959800/12959780/574d49b2_b.jpg|41.90425|12.47808|579985
Fiji Marriott Resort Momi Bay|https://www.marriott.com/hotels/travel/nanmc-fiji-marriott-resort-momi-bay/|Savusavu Road, Momi Bay|Momi|FJ|2017-12-01|https://i.travelapi.com/hotels/18000000/17400000/17398500/17398490/a082cdd9_b.jpg|-17.93596|177.26199|669595
Finca Serena|https://www.fincaserenamallorca.com/|Ma-3200 km, 3|Montuiri|ES|2019-11-01|https://i.travelapi.com/hotels/35000000/34040000/34035500/34035461/604ad4ef_b.jpg|39.56989|2.98074|1864020
Finest Punta Cana by The Excellence Collection All inclusive|https://www.finestresorts.com/punta-cana/finest-punta-cana/?partner=5830|Carretera  Uvero Alto, Punta Cana|Punta Cana|DO|2020-09-15|https://i.travelapi.com/hotels/43000000/42650000/42643300/42643300/624b6daa_b.jpg|18.582|-68.405|3821822
Four Points By Sheraton Changsha, Meixi Lake|https://www.starwoodhotels.com/preferredguest/property/overview/index.html?propertyID=4435|No.1099 Fenglin 3rd Road, B Zone|Changsha|CN|2017-12-08|https://i.travelapi.com/hotels/20000000/19390000/19388200/19388140/6f1188ef_b.jpg|28.19551|112.86271|802095
Four Seasons Hotel Bangkok at Chao Phraya River|https://www.fourseasons.com/bangkok/|300/1 Charoen Krung Road|Bangkok|TH|2020-05-01|https://i.travelapi.com/hotels/37000000/36480000/36476400/36476332/e6634be7_b.jpg|13.7119|100.51006|2682916
Four Seasons Hotel Bengaluru at Embassy One|https://www.fourseasons.com/bengaluru/|No. 8, Bellary Rd|Bengaluru|IN|2018-09-01|https://i.travelapi.com/hotels/27000000/26560000/26554200/26554165/efb9854b_b.jpg|13.01939|77.58401|957774
Four Seasons Hotel Kuala Lumpur|https://www.fourseasons.com/kualalumpur/|145 Jalan Ampang|Kuala Lumpur|MY|2018-05-01|https://i.travelapi.com/hotels/22000000/21130000/21122700/21122615/37745fe9_b.jpg|3.15856|101.71335|800251
Four Seasons Hotel Kuwait at Burj Alshaya|https://www.fourseasons.com/kuwait/|Al Soor Street, Al Mirqab|Kuwait City|KW|2017-08-30|https://i.travelapi.com/hotels/18000000/17130000/17128300/17128224/d355a479_b.jpg|29.33975|47.96897|653472
Four Seasons Hotel Megeve|https://www.fourseasons.com/megeve/|373 Chemin des Follieres|Megeve|FR|2017-12-15|https://i.travelapi.com/hotels/20000000/19440000/19436000/19435949/bdfac718_b.jpg|45.84685|6.64316|726657
Four Seasons Hotel Tunis|https://www.fourseasons.com/tunis/|Zone Touristique Cap Gammarth|La Marsa|TN|2017-12-11|https://i.travelapi.com/hotels/21000000/20260000/20253900/20253839/c4f3e030_b.jpg|36.92077|10.29307|764648
Four Seasons Resort Los Cabos at Costa Palmas|https://www.fourseasons.com/loscabos/|Calle Hacienda Eureka s/n|La Ribera|MX|2019-08-01|https://i.travelapi.com/hotels/34000000/33900000/33899800/33899743/af5c198e_b.jpg|23.59727|-109.5821|1903667
Four Seasons Resort Seychelles at Desroches Island|https://www.fourseasons.com/seychellesdesroches/|Desroches Island|Desroches Island|SC|2018-03-01|https://i.travelapi.com/hotels/2000000/1080000/1071000/1070988/1fc4cb8b_b.jpg|-5.69771|53.65053|242465
FV by Peppers|https://www.peppers.com.au/fv/|191 Brunswick Street|Fortitude Valley|AU|2018-03-01|https://i.travelapi.com/hotels/20000000/19710000/19703600/19703560/90bb8034_b.jpg|-27.45616|153.03206|736729
Garza Blanca Los Cabos All Inclusive|https://cabo.garzablancaresort.com/|Carr Transpeninsular Km. 17.5|Cabo San Lucas|MX|2019-01-15|https://i.travelapi.com/hotels/34000000/33250000/33247400/33247352/d16c3c11_b.jpg|22.96854|-109.79225|1939416
Gennadi Grand Resort|https://www.gennadigrandresort.com/|Gennadi|Rhodes|GR|2018-06-01|https://i.travelapi.com/hotels/23000000/22210000/22203900/22203863/cb7a5262_b.jpg|36.01113|27.91892|813140
Gevora Hotel|http://gevorahotels.com/|Sheikh Zayed Road, Next to Al Attar|Dubai|AE|2018-02-01|https://i.travelapi.com/hotels/23000000/22940000/22938000/22937965/338df1d5_b.jpg|25.21252|55.27681|849887
Gran Hotel Costa Rica, Curio Collection by Hilton|http://curiocollection3.hilton.com/en/hotels/costa-rica/gran-hotel-costa-rica-curio-collection-by-hilton-SJOCUQQ/index.html|Central & Second Ave, between 1 & 3|San Jose|CR|2018-06-01|https://i.travelapi.com/hotels/1000000/20000/15800/15745/8f2f2702_b.jpg|9.93379|-84.07755|106356
Gran Hotel Montesol Ibiza, Curio Collection by Hilton|http://curiocollection3.hilton.com/en/hotels/spain/gran-hotel-montesol-ibiza-curio-collection-by-hilton-IBZMOQQ/index.html|Passeig de Vara de Rey 2|Ibiza Town|ES|2017-07-01|https://i.travelapi.com/hotels/16000000/15660000/15650100/15650045/830fc0b8_b.jpg|38.90996|1.43462|608555
Grand Hotel Des Sablettes Plage, Curio Collection By Hilton|http://curiocollection3.hilton.com/en/hotels/france/grand-hotel-des-sablettes-plage-curio-collection-by-hilton-TLNSPQQ/index.html|575 Avenue Charles de Gaulle|La Seyne-sur-Mer|FR|2017-07-01|https://i.travelapi.com/hotels/19000000/18260000/18258200/18258167/6c0afb33_b.jpg|43.07914|5.89142|707937
Grand Hotel Villa Torretta Milan Sesto, Curio Collection by Hilton|https://curiocollection3.hilton.com/en/hotels/italy/grand-hotel-villa-torretta-milan-sesto-curio-collection-by-hilton-MILTOQQ/index.html|Via Milanese 3|Sesto San Giovanni|IT|2018-08-01|https://i.travelapi.com/hotels/1000000/970000/969300/969206/7ba02e90_b.jpg|45.53079|9.21744|215078
Grand Hyatt Abu Dhabi Hotel And Residences Emirates Pearl|https://abudhabi.grand.hyatt.com/en/hotel/home.html|Corniche W St|Abu Dhabi|AE|2018-06-01|NULL|24.45886|54.32017|911384
Grand Hyatt Athens|https://athens.grand.hyatt.com/en/hotel/home.html|115, Syngrou Avenue|Athens|GR|2018-08-01|https://i.travelapi.com/hotels/1000000/30000/21100/21031/edc41bc3_b.jpg|37.95737|23.71782|106298
Grand Hyatt Baha Mar|https://bahamar.grand.hyatt.com/en/hotel/home.html|One Baha Mar Boulevard|Nassau|BS|2017-08-01|NULL|25.06886|-77.4004|476982
Grand Hyatt Bogota|https://bogota.grand.hyatt.com/en/hotel/home.html|Calle 24 A, 57-60|Bogotá|CO|2018-06-01|NULL|4.64278|-74.09911|911403
Grand Hyatt Changsha|https://changsha.grand.hyatt.com/en/hotel/home.html|No. 36 Middle Xiangjiang Road|Changsha|CN|2017-07-01|https://i.travelapi.com/hotels/20000000/19480000/19470300/19470271/556bf8f9_b.jpg|28.1788|112.96865|729096
Grand Hyatt Kochi Bolgatty|https://kochibolgatty.grand.hyatt.com/en/hotel/home.html|Bolgatty Island|Kochi|IN|2018-03-01|https://i.travelapi.com/hotels/21000000/20150000/20141600/20141582/1ed44ef9_b.jpg|9.98754|76.26571|825974
Grand Hyatt Xi An|https://xian.grand.hyatt.com/en/hotel/home.html|No 12 Jinye Road|Xi\'an|CN|2018-04-01|https://i.travelapi.com/hotels/24000000/23030000/23029400/23029315/7f9a19ea_b.jpg|34.19406|108.87613|906140
Great Scotland Yard Hotel|https://www.hyatt.com/en-US/hotel/england-united-kingdom/great-scotland-yard/lhrub|3-5, Great Scotland Yard|London|GB|2019-12-01|NULL|51.50632|-0.12583|2269319
Hagia Sofia Mansions Istanbul, Curio Collection by Hilton|https://curiocollection3.hilton.com/en/hotels/turkey/hagia-sofia-mansions-istanbul-curio-collection-by-hilton-ISTHSQQ/index.html|Kabasakal Cad. No:5 Sultanahmet|Istanbul|TR|2019-09-01|https://i.travelapi.com/hotels/30000000/29750000/29743800/29743791/e38832e0_b.jpg|41.0066|28.97898|1055490
Harbor Club St. Lucia, Curio Collection by Hilton|https://curiocollection3.hilton.com/en/hotels/saint-lucia/harbor-club-st-lucia-curio-collection-by-hilton-SLUHCQQ/index.html|Rodney Bay, Gros Islet Hwy|Gros Islet|LC|2018-09-01|https://i.travelapi.com/hotels/22000000/21950000/21946900/21946869/5388787b_b.jpg|14.07352|-60.94741|806992
Hart Shoreditch Hotel London, Curio Collection by Hilton|https://curiocollection3.hilton.com/en/hotels/united-kingdom/hart-shoreditch-hotel-london-curio-collection-by-hilton-LONSDQQ/index.html|61 TO 67 GREAT EASTERN STREET|London|GB|2019-09-01|https://i.travelapi.com/hotels/40000000/39650000/39644700/39644645/60816036_b.jpg|51.52505|-0.08183|2533986
Healthouse Las Dunas|https://www.healthouse-naturhouse.com/en/inicio|Urbanización Boladilla Baja|Estepona|ES|2018-04-01|https://i.travelapi.com/hotels/1000000/60000/54500/54464/a33250bc_b.jpg|36.45373|-5.06803|476472
Hilton Belgrade|http://www3.hilton.com/en/hotels/serbia/hilton-belgrade-BEGBSHI/index.html|Kralja Milana 35|Belgrade|RS|2018-03-01|https://i.travelapi.com/hotels/23000000/22280000/22270500/22270492/c5382e57_b.jpg|44.80457|20.46582|835772
Hilton Cairo Heliopolis|http://www3.hilton.com/en/hotels/egypt/hilton-cairo-heliopolis-CAIHEHI/index.html|EL-OROUBA, QISM EL-NOZHA|Cairo|EG|2017-11-01|https://i.travelapi.com/hotels/23000000/22850000/22840400/22840340/b5930b66_b.jpg|30.10303|31.35628|847765
Hilton Dalian Golden Pebble Beach Resort|http://www3.hilton.com/en/hotels/china/hilton-dalian-golden-pebble-beach-resort-DLCDCHI/index.html|No. 57 Hai Bin West Road|Dalian|CN|2018-07-20|https://i.travelapi.com/hotels/24000000/23270000/23264400/23264390/10d11db0_b.jpg|39.07456|121.99342|884826
Hilton Guatemala City|https://www3.hilton.com/en/hotels/guatemala/hilton-guatemala-city-GUALLHH/index.html|Km. 9.5 Ca-1 East Vista Real Complex|Guatemala City|GT|2018-07-01|https://i.travelapi.com/hotels/1000000/200000/199700/199610/e00577a5_b.jpg|14.57155|-90.48517|136266
Hilton Hangzhou Xiaoshan|http://www3.hilton.com/en/hotels/china/hilton-hangzhou-xiaoshan-HGHHCHI/index.html|No. 107 Jincheng Road|Hangzhou|CN|2018-06-01|https://i.travelapi.com/hotels/22000000/21770000/21766300/21766264/23161eed_b.jpg|30.18583|120.238|810260
Hilton Istanbul Bakirkoy|http://www3.hilton.com/en/hotels/turkey/hilton-istanbul-bakirkoy-ISTIBHI/index.html|Sakizagaci Mah.|Istanbul|TR|2018-07-20|https://i.travelapi.com/hotels/20000000/19390000/19389800/19389717/35f05441_b.jpg|40.97937|28.88677|750359
Embassy Suites by Hilton Mandalay Beach Hotel & Resort|http://www3.hilton.com/en/hotels/myanmar/hilton-mandalay-MDLAYHI/index.html|2101 Mandalay Beach Rd|Oxnard|US|2018-03-01|https://i.travelapi.com/hotels/1000000/50000/41700/41612/f22daa8d_b.jpg|34.17922|-119.235|125866
Hilton Playa del Carmen, an All Inclusive Adult Only Resort- Formerly|https://www3.hilton.com/en/hotels/quintana-roo/hilton-playa-del-carmen-an-all-inclusive-resort-CZMPCHH/index.html|Av. Constituyentes No. 2|Playa del Carmen|MX|2018-07-01|https://i.travelapi.com/hotels/2000000/1160000/1151600/1151540/14ea7db7_b.jpg|20.62963|-87.06867|226582
Hilton Port Moresby|https://www3.hilton.com/en/hotels/papua-new-guinea/hilton-port-moresby-POMSMHI/index.html|Wards Road|Port Moresby|PG|2018-07-01|https://i.travelapi.com/hotels/25000000/24170000/24164900/24164898/cf656536_b.jpg|-9.44942|147.1793|911558
Holiday Villages Montenegro - All Inclusive|https://karismaadriatic.com/Hotels-Resorts/Holiday-Villages-Montenegro/|Velika Plaza|Ulcinj|ME|2018-09-01|https://i.travelapi.com/hotels/32000000/31670000/31660500/31660407/484c7636_b.jpg|41.89436|19.29022|1626006
Hoshinoya Bali|https://www.hoshinoresorts.com/en/resortsandhotels/hoshinoya/bali.html|Br. Pengembungan, Desa Pejeng Kangin|Ubud|ID|2018-02-01|https://i.travelapi.com/hotels/20000000/19210000/19209100/19209086/f1e3750f_b.jpg|-8.47678|115.30314|716297
HOSHINOYA Guguan|https://hoshinoya.com/guguan/en/|No.16, Wenquan Ln.|Taichung|TW|2020-01-01|https://i.travelapi.com/hotels/36000000/35080000/35072800/35072781/1caa0d0d_b.jpg|24.20455|121.01063|2061037
Hotel Amapa - Adults Only|https://www.hotelamapa.com/|Pulpito 138|Puerto Vallarta|MX|2019-06-01|https://i.travelapi.com/hotels/40000000/39170000/39165600/39165558/d403d167_b.jpg|20.59954|-105.23792|2549517
Hotel De La Ville|https://www.roccofortehotels.com/hotels-and-resorts/hotel-de-la-ville/|Piazza Antinori 1|Florence|IT|2019-05-15|https://i.travelapi.com/hotels/1000000/30000/21500/21408/59125675_b.jpg|43.77235|11.25134|114963
Hotel De La Ville|https://www.roccofortehotels.com/hotels-and-resorts/hotel-de-la-ville/|Piazza Antinori 1|Florence|IT|2020-01-01|https://i.travelapi.com/hotels/1000000/30000/21500/21408/59125675_b.jpg|43.77235|11.25134|114963
Hotel Eden - Dorchester Collection|https://www.dorchestercollection.com/en/rome/hotel-eden/|Via Ludovisi 49|Rome|IT|2017-09-01|https://i.travelapi.com/hotels/1000000/20000/16400/16311/26a2a1b1_b.jpg|41.90643|12.48642|109293
Hotel Excelsior|https://www.adriaticluxuryhotels.com/en/hotel-excelsior-dubrovnik|Chile 980 And Manduvira St|Asunción|PY|2018-05-20|https://i.travelapi.com/hotels/1000000/30000/24300/24270/b783ccaa_b.jpg|-25.28759|-57.63959|109575
Hotel Indigo Bali Seminyak Beach|https://www.ihg.com/hotelindigo/hotels/us/en/bali/dpsin/hoteldetail|Jl. Camplung Tanduk No.10|Seminyak|ID|2017-06-16|https://i.travelapi.com/hotels/14000000/13240000/13235700/13235611/a52ab95e_b.jpg|-8.69501|115.16274|595886
Hotel Indigo Durham|https://www.ihg.com/hotelindigo/hotels/us/en/durham/mmedh/hoteldetail|9 Old Elvet|Durham|GB|2018-03-15|https://i.travelapi.com/hotels/20000000/19690000/19684500/19684423/c56a6fd8_b.jpg|54.77527|-1.57037|799578
Hotel Nikko Bali Benoa Beach|https://www.okura-nikko.com/indonesia/bali/hotel-nikko-bali-benoa-beach/|Jalan Pratama 68X, Tanjung Benoa|Nusa Dua|ID|2018-03-01|https://i.travelapi.com/hotels/2000000/1150000/1143100/1143002/58ceb6e8_b.jpg|-8.77235|115.22242|170741
Hotel PACAI|https://hotelpacai.com/en/|Didžioji 7|Vilnius|LT|2018-06-01|https://i.travelapi.com/hotels/24000000/23190000/23184600/23184521/4e54ce55_b.jpg|54.68018|25.28804|866310
Hotel Verde Zanzibar|https://www.hotelverdezanzibar.com/|Malawi Road|Zanzibar Town|TZ|2018-03-01|https://i.travelapi.com/hotels/24000000/23070000/23060800/23060759/02beb91e_b.jpg|-6.13633|39.21311|855966
Hotel Victoria Oaxaca|https://www.hotelvic.com/|International Road Km 545|Oaxaca|MX|2018-07-01|https://i.travelapi.com/hotels/1000000/30000/26900/26859/dc69b005_b.jpg|17.07314|-96.72948|116234
Hotelito Azul|http://www.hotelitoazul.mx/|Carretera Tulum-Boca Paila, Km. 5.8|Tulum|MX|2017-11-01|https://i.travelapi.com/hotels/18000000/17940000/17937100/17937052/2b13c0ed_b.jpg|20.16471|-87.45253|682807
Hyatt Place Macae|https://macae.place.hyatt.com/en/hotel/home.html|Atalantica Avenue 1300, Cavaleiros|Macae|BR|2018-03-01|https://i.travelapi.com/hotels/22000000/21190000/21182600/21182518/db78e33b_b.jpg|-22.39834|-41.78937|784222
Hyatt Regency Aqaba Ayla Resort|https://www.hyatt.com/en-US/hotel/jordan/hyatt-regency-aqaba-ayla-resort/aqjra|Marina Village Ayla Oasis|Aqaba|JO|2018-10-01|https://i.travelapi.com/hotels/30000000/29520000/29516100/29516080/96d327c7_b.jpg|29.53994|34.98743|1039950
Hyatt Regency Beijing Wangjing|https://beijingwangjing.regency.hyatt.com/en/hotel/home.html|8 Guangshun South Street|Beijing|CN|2018-05-01|https://i.travelapi.com/hotels/22000000/21740000/21730800/21730788/6d475b4b_b.jpg|39.99173|116.47672|918969
Hyatt Regency Seragaki Island Okinawa|https://seragakiokinawa.regency.hyatt.com/en/hotel/home.html|1108 Serakaki Onnason|Onna|JP|2018-08-01|https://i.travelapi.com/hotels/23000000/22440000/22437400/22437338/350b3041_b.jpg|26.51212|127.86878|888861
Hyatt Regency Shanghai Jiading|https://www.hyatt.com/en-US/hotel/china/hyatt-regency-shanghai-jiading/sharj|1366 Yumin South Road|Shanghai|CN|2018-08-01|https://i.travelapi.com/hotels/28000000/27750000/27745800/27745738/e164a7ae_b.jpg|31.35203|121.26254|1005138
Hyatt Regency Xuzhou|https://www.hyatt.com/en-US/hotel/china/hyatt-regency-xuzhou/xuzrx|29 Haihai E Road, Gulou District|Xuzhou|CN|2018-10-01|https://i.travelapi.com/hotels/32000000/31010000/31009200/31009158/d93ccaab_b.jpg|34.26415|117.1879|1152114
Hyatt Regency Zhenjiang|https://www.hyatt.com/en-US/hotel/china/hyatt-regency-zhenjiang/czxrz|301 Zhongshan East Road|Zhenjiang|CN|2018-06-01|https://i.travelapi.com/hotels/28000000/27380000/27379400/27379375/d369c254_b.jpg|32.20523|119.45182|1017568
Hyatt Zilara Cap Cana - Adults Only- All Inclusive|https://www.hyatt.com/en-US/hotel/dominican-republic/hyatt-zilara-cap-cana/pujia|Boulevard Zona Hotelera|Punta Cana|DO|2019-10-01|https://i.travelapi.com/hotels/34000000/33310000/33302800/33302741/8418cfb6_b.jpg|18.482|-68.39584|1839191
Iberostar Selection Kuriat Palace|https://www.iberostar.com/en/hotels/monastir/iberostar-kuriat-palace/|Zone Touristique Skanes|Monastir|TN|2019-07-01|https://i.travelapi.com/hotels/3000000/2860000/2858700/2858639/cf8cbdb9_b.jpg|35.76537|10.75578|999097
Ikador Luxury Boutique Hotel & Spa|https://www.lhw.com/hotel/Ikador-Lxury-Boutique-Hotel-Spa-Ika-Opatija-Croatia|Viktora Cara Emina BB|Opatija|HR|2019-05-01|https://i.travelapi.com/hotels/34000000/33230000/33221900/33221878/d08baf6d_b.jpg|45.30225|14.28074|1856512
Indura Beach & Golf Resort, Curio Collection by Hilton|http://curiocollection3.hilton.com/en/hotels/honduras/indura-beach-and-golf-resort-curio-collection-by-hilton-TEAIBQQ/index.html|Desarrollo Turistico Bahia de Tela|Tela|HN|2017-05-01|NULL|15.79737|-87.53614|446791
InterContinental Fujairah Resort|https://www.ihg.com/intercontinental/hotels/us/en/fujairah/fjrae/hoteldetail|Dibba Road|Al Aqah|AE|2018-09-01|https://i.travelapi.com/hotels/17000000/16240000/16238300/16238280/bd5beeca_b.jpg|25.50502|56.36186|732429
InterContinental Hayman Island Resort|https://www.ihg.com/intercontinental/hotels/us/en/hayman-island/hisha/hoteldetail|Hayman Island|Hayman Island|AU|2019-07-01|https://i.travelapi.com/hotels/7000000/6730000/6722500/6722402/23f3b06f_b.jpg|-20.05655|148.8863|444427
InterContinental Phu Quoc Long Beach Resort|https://www.ihg.com/intercontinental/hotels/us/en/phu-quoc/pqccp/hoteldetail|Bai Truong, Duong To Ward|Phu Quoc|VN|2018-06-01|https://i.travelapi.com/hotels/22000000/21480000/21475900/21475850/8dfb5b3f_b.jpg|10.11198|103.98205|799592
Intercontinental Shanghai Wonderland|https://www.ihg.com/intercontinental/hotels/us/en/shanghai/shghe/hoteldetail|5888 Chenhua Road, Songjiang District|Shanghai|CN|2018-12-30|https://i.travelapi.com/hotels/24000000/23540000/23531000/23530961/e848606e_b.jpg|31.05957|121.1542|1657374
InterContinental Sofia|https://www.ihg.com/intercontinental/hotels/gb/en/sofia/sofco/hoteldetail#scmisc=nav_hoteldetail_ic|4 NARODNO SABRANIE SQ|Sofia|BG|2018-03-22|https://i.travelapi.com/hotels/24000000/23440000/23432700/23432626/4540024d_b.jpg|42.69324|23.3323|880849
Intercontinental Taiyuan|https://www.ihg.com/intercontinental/hotels/gb/en/taiyuan/tynha/hoteldetail|No. 8 Changxing South Street|Taiyuan|CN|2018-02-02|https://i.travelapi.com/hotels/22000000/21460000/21451700/21451654/bd43351b_b.jpg|37.80305|112.52919|810169
J.K. Place Paris|http://jkplaces.com/it/jkparis.php|82 Rue de Lille|Paris|FR|2020-01-01|https://i.travelapi.com/hotels/38000000/37140000/37139000/37138932/c3755fc5_b.jpg|48.86119|2.32162|2100341
Jackalope Hotel|https://www.jackalopehotels.com/|166 Balnarring Road|Merricks North|AU|2017-09-01|https://i.travelapi.com/hotels/18000000/17440000/17436300/17436239/dad4be52_b.jpg|-38.34448|145.10064|665986
Jinmao Hotel Lijiang, the Unbound Collection by Hyatt|https://jinmaolijiang.hyatt.com/en/hotel/home.html|No 8 Xiangjiang Road|Lijiang|CN|2018-05-01|NULL|26.91443|100.22027|477456
Juana Bautista Hotel Boutique|https://www.juanabautista.com/|INDEPENDENCIA 208, colonia centro|Tlaquepaque|MX|2020-01-01|https://i.travelapi.com/hotels/33000000/32500000/32498600/32498555/73925fbf_b.jpg|20.63939|-103.31387|1690848
Jumeirah Royal Saray Bahrain|https://www.jumeirah.com/en/hotels-resorts/bahrain/jumeirah-royal-saray/|Building 56, Avenue 38, Block 428|Manama|BH|2018-03-01|https://i.travelapi.com/hotels/23000000/22500000/22490200/22490175/9c2c354f_b.jpg|26.2416|50.54243|843546
JW Marriott Hotel Chengdu|http://www.marriott.com/hotels/travel/ctumj-jw-marriott-hotel-chengdu/|No. 19 Dongyu Street, Jinjiang District|Chengdu|CN|2017-09-01|https://i.travelapi.com/hotels/17000000/16390000/16387600/16387570/04e44417_b.jpg|30.66268|104.07773|634327
JW Marriott Hotel Kolkata|http://www.marriott.com/hotels/travel/ccujw-jw-marriott-hotel-kolkata/|4A, J.B.S. Haldane Avenue|Kolkata|IN|2017-12-01|https://i.travelapi.com/hotels/17000000/16480000/16474800/16474794/ee1bc448_b.jpg|22.54792|88.39958|645449
JW Marriott Hotel Singapore South Beach|http://www.marriott.com/hotels/travel/sinjw-jw-marriott-hotel-singapore-south-beach/|30 Beach Road|Singapore|SG|2017-07-01|https://i.travelapi.com/hotels/10000000/9640000/9636100/9636009/3c05aba8_b.jpg|1.29426|103.85497|484754
JW Marriott Hotel Zhejiang Anji|http://www.marriott.com/hotels/travel/hghaj-jw-marriott-hotel-zhejiang-anji/|No 1 Raocheng South Line|Huzhou|CN|2017-07-01|https://i.travelapi.com/hotels/11000000/10950000/10947200/10947193/2868d7b4_b.jpg|30.61623|119.70412|528051
JW Marriott Jaipur Resort & Spa|https://www.marriott.com/hotels/travel/jainh-jw-marriott-jaipur-resort-and-spa/|Jaipur-Delhi Highway NH11|Jamwa Ramgarh|IN|2018-03-01|https://i.travelapi.com/hotels/22000000/21420000/21413500/21413414/d377f0b8_b.jpg|27.04806|75.90263|795204
JW Marriott Los Cabos Beach Resort & Spa|http://www.marriott.com/hotels/travel/sjdjw-jw-marriott-los-cabos-beach-resort-and-spa/|Fraccion Hotelera FH5-C1|San Jose del Cabo|MX|2017-09-01|https://i.travelapi.com/hotels/12000000/11920000/11918500/11918484/deca6417_b.jpg|23.06741|-109.65587|546687
JW Marriott Marquis Hotel Shanghai Pudong|https://www.marriott.com/hotels/travel/shamj-jw-marriott-marquis-hotel-shanghai-pudong/|NO 988 PUMING ROAD PUDONG NEW|Shanghai|CN|2020-01-01|https://i.travelapi.com/hotels/39000000/38760000/38750800/38750794/d10b0b03_b.jpg|31.21708|121.51408|2253385
JW Marriott Mussoorie Walnut Grove Resort & Spa|http://www.marriott.com/hotels/travel/dedjw-jw-marriott-mussoorie-walnut-grove-resort-and-spa/|Village- Siya,Kempty Fall Road|Mussoorie|IN|2017-09-01|https://i.travelapi.com/hotels/10000000/9090000/9084900/9084809/c0a2bfad_b.jpg|30.48149|78.04669|475316
JW Marriott Phu Quoc Emerald Bay Resort & Spa|http://www.marriott.com/hotels/travel/pqcjw-jw-marriott-phu-quoc-emerald-bay-resort-and-spa/|Eco-Tourism At Bai Khem|Phu Quoc|VN|2017-09-01|https://i.travelapi.com/hotels/18000000/17280000/17273100/17273008/596a0049_b.jpg|10.03236|104.03028|658278
JW Marriott Venice Resort & Spa|http://www.marriott.com/hotels/travel/vcejw-jw-marriott-venice-resort-and-spa/|Isola delle Rose, Laguna di San Marco|Venice|IT|2017-06-01|https://i.travelapi.com/hotels/9000000/8850000/8842000/8841989/1f24bcef_b.jpg|45.40693|12.32189|475572
KASA Hotel Riviera Maya|https://www.kasahotelrivieramaya.com/|Lote 29 Mz. 26 Calle Bahia Kantenah|Puerto Aventuras|MX|2019-06-01|https://i.travelapi.com/hotels/32000000/31640000/31635500/31635410/2589cadf_b.jpg|20.5066|-87.21906|1716218
Kempinski Hotel Muscat|https://www.kempinski.com/en/muscat/kempinski-hotel-muscat/|335 Street 6|Muscat|OM|2018-04-01|https://i.travelapi.com/hotels/24000000/23130000/23125300/23125215/1aad6084_b.jpg|23.62741|58.27166|869916
Kimpton Blythswood Square Hotel|https://www.kimptonblythswoodsquare.com/us/en/|No.11 Blythswood Square|Glasgow|GB|2019-10-01|https://i.travelapi.com/hotels/3000000/2710000/2705300/2705235/c35b4ffa_b.jpg|55.8635|-4.26239|352221
Kimpton Charlotte Square Hotel|https://www.kimptoncharlottesquare.com/us/en/|38 Charlotte Square|Edinburgh|GB|2019-10-01|https://i.travelapi.com/hotels/1000000/580000/571700/571654/6dc0b8bd_b.jpg|55.95158|-3.20609|153149
Kimpton Da An Taipei- an IHG Hotel|https://www.ihg.com/kimptonhotels/hotels/us/en/da-an-hotel-taipei/tpekm/hoteldetail|No. 25, Lane 27, Section 4, Ren\'ai Road|Taipei|TW|2019-10-01|https://i.travelapi.com/hotels/24000000/23400000/23394300/23394208/88ca8532_b.jpg|25.04042|121.54521|1627328
Kimpton De Witt Amsterdam|http://www.kimptondewitthotel.com/us/en/|Nieuwezijds Voorburgwal 5|Amsterdam|NL|2018-01-01|https://i.travelapi.com/hotels/1000000/10000/2700/2603/49c2e231_b.jpg|52.37727|4.8953|107163
Kimpton Fitzroy London|https://www.kimptonfitzroylondon.com/us/en/|1-8 Russell Square|London|GB|2019-10-01|https://i.travelapi.com/hotels/1000000/30000/21600/21514/cb893caf_b.jpg|51.52256|-0.12546|193608
Kimpton Vividora Hotel|https://www.kimptonvividorahotel.com/us/en/|Carrer del Duc 15|Barcelona|ES|2020-02-15|https://i.travelapi.com/hotels/38000000/37200000/37193700/37193610/5c315298_b.jpg|41.38466|2.17288|2083715
Curio Collection by Hilton Koi Resort Saint Kitts|https://curiocollection3.hilton.com/en/hotels/saint-kitts-and-nevis-anguilla/koi-resort-saint-kitts-curio-collection-by-hilton-SKBKRQQ/index.html|100 Koi Resort Drive|Basseterre|KN|2020-01-01|https://i.travelapi.com/hotels/45000000/44450000/44443900/44443873/04b92498_b.jpg|17.30854|-62.69284|3763102
Kyukaruizawa Kikyo, Curio Collection by Hilton|http://curiocollection3.hilton.com/en/hotels/japan/kyukaruizawa-kikyo-curio-collection-by-hilton-MMJKZQQ/index.html|491 5 Karuizawa-machi|Karuizawa|JP|2018-04-19|https://i.travelapi.com/hotels/3000000/2970000/2961500/2961491/da7d0542_b.jpg|36.35254|138.63344|327438
La Bagnaia Golf & Spa Resort Siena, Curio Collection by Hilton|http://curiocollection3.hilton.com/en/hotels/italy/la-bagnaia-golf-and-spa-resort-siena-curio-collection-by-hilton-SAYLBQQ/index.html|S.S. 223 Siena-Grosseto, Km 56|Murlo|IT|2017-06-01|https://i.travelapi.com/hotels/2000000/1160000/1150400/1150311/1d0ea1ad_b.jpg|43.21597|11.29162|212341
Le Mas Candille|https://www.lemascandille.com/|Boulevard Clement Rebuffel|Mougins|FR|2018-07-01|https://i.travelapi.com/hotels/1000000/590000/583600/583507/f9b5c649_b.jpg|43.59935|6.99135|193677
LE Meridien Batumi|http://www.starwoodhotels.com/lemeridien/property/overview/index.html?language=en_US&propertyID=4386|Ninoshvili Zhgenti Street|Batumi|GE|2018-09-01|NULL|41.643|41.6552|3890174
Le Meridien Shenyang, Heping|http://www.starwoodhotels.com/lemeridien/property/overview/index.html?language=en_US&propertyID=3797|45 Bei\'er Road, Heping District|Shenyang|CN|2017-11-28|https://i.travelapi.com/hotels/21000000/20370000/20366700/20366603/9a0a6e75_b.jpg|41.79389|123.4071|783187
Legend Hotel Lagos Airport, Curio Collection by Hilton|https://curiocollection3.hilton.com/en/hotels/nigeria/legend-hotel-lagos-airport-curio-collection-by-hilton-LOSLHQQ/index.html|Lagos International Airport|Lagos|NG|2018-08-01|https://i.travelapi.com/hotels/20000000/19900000/19899100/19899055/f7d3f5d2_b.jpg|6.57306|3.32357|750353
Lympstone Manor Hotel|https://lympstonemanor.co.uk/|Courtlands Lane|Exmouth|GB|2017-10-01|https://i.travelapi.com/hotels/18000000/17060000/17056000/17055957/02ef97c7_b.jpg|50.61708|-3.41341|650929
MACq 01 Hotel|http://www.macq01.com.au/|18 Hunter Street|Hobart|AU|2018-08-01|https://i.travelapi.com/hotels/17000000/16340000/16330900/16330806/4333e2c7_b.jpg|-42.882|147.33644|689498
Mahogany Bay Resort & Beach Club, Curio Collection by Hilton|http://curiocollection3.hilton.com/en/hotels/belize/mahogany-bay-resort-and-beach-club-curio-collection-by-hilton-TZAMBQQ/index.html|Sea Grape Drive|San Pedro|BZ|2018-02-01|https://i.travelapi.com/hotels/20000000/19720000/19716600/19716502/d1e4373c_b.jpg|17.89852|-87.98174|750391
Maison Astor Paris, Curio Collection by Hilton|http://curiocollection3.hilton.com/en/hotels/france/maison-astor-paris-curio-collection-by-hilton-PARAHQQ/index.html|11 Rue D\'Astorg|Paris|FR|2018-04-20|https://i.travelapi.com/hotels/1000000/420000/414500/414462/f4e025c3_b.jpg|48.87284|2.31946|113601
Hotel Manapany|https://hotelmanapany-stbarth.com/|Anse des Cayes|St. Barthelemy|BL|2018-06-01|https://i.travelapi.com/hotels/2000000/1190000/1182300/1182278/25c94ac7_b.jpg|17.91121|-62.84432|230665
Mandarin Oriental Hyde Park, London|https://www.mandarinoriental.com/doha/msheireb/luxury-hotel|66 Knightsbridge|London|GB|2020-01-01|https://i.travelapi.com/hotels/1000000/10000/4100/4026/7b264c21_b.jpg|51.50196|-0.15995|108769
Margaritaville Beach Resort Playa Flamingo|https://www.margaritavillebeachresortcostarica.com/|Flamingo Beach|Playa Flamingo|CR|2018-09-01|https://i.travelapi.com/hotels/1000000/190000/189600/189539/2e4a7670_b.jpg|10.43916|-85.7918|208306
Rocco Forte Masseria Torre Maizza|https://www.roccofortehotels.com/hotels-and-resorts/masseria-torre-maizza/|contrada coccaro snc|Fasano|IT|2019-05-01|https://i.travelapi.com/hotels/3000000/2260000/2256300/2256290/f10bdc5a_b.jpg|40.85893|17.38658|378310
Rocco Forte Masseria Torre Maizza|https://www.roccofortehotels.com/hotels-and-resorts/masseria-torre-maizza/|contrada coccaro snc|Fasano|IT|2019-10-01|https://i.travelapi.com/hotels/3000000/2260000/2256300/2256290/f10bdc5a_b.jpg|40.85893|17.38658|378310
Max Brown 7th District|https://maxbrownhotels.com/7th-district-vienna/|Schottenfeldgasse 74|Vienna|AT|2019-05-01|https://i.travelapi.com/hotels/32000000/31850000/31848700/31848685/aa00cbea_b.jpg|48.20486|16.34345|1752759
ME Sitges Terramar|https://www.melia.com/en/hotels/spain/sitges/me-sitges-terramar/index.html|Passeig Maritim, 80|Sitges|ES|2018-01-01|https://i.travelapi.com/hotels/2000000/1220000/1216800/1216772/886efed7_b.jpg|41.22515|1.78734|184914
Melia Punta Cana Beach Resort - Adults Only All Inclusive|https://www.melia.com/en/hotels/dominican-republic/punta-cana/melia-punta-cana-beach-resort/index.htm|Playas de Bávaro|Punta Cana|DO|2018-11-15|https://i.travelapi.com/hotels/25000000/24950000/24943000/24942979/83eb28f5_b.jpg|18.67345|-68.40697|932421
mesm Tokyo, Autograph Collection|https://www.marriott.com/hotels/travel/tyoam-mesm-tokyo-autograph-collection/|1-10-30 Kaigan, Minato-ku|Tokyo|JP|2020-04-15|https://i.travelapi.com/hotels/43000000/42690000/42684700/42684669/2b4650cb_b.jpg|35.65688|139.76185|3738560
MM Grand Hotel Puebla, Tapestry Collection by Hilton|https://tapestrycollection3.hilton.com/tc/mm-grand-hotel-puebla/|Blvd. Atlixco 4303|Puebla|MX|2020-01-01|https://i.travelapi.com/hotels/7000000/6390000/6384900/6384898/67e28018_b.jpg|19.04288|-98.23701|430393
Monkey Island Estate|http://www.monkeyislandestate.co.uk/|Monkey Island Lane|Maidenhead|GB|2018-09-01|https://i.travelapi.com/hotels/23000000/22580000/22580000/22579964/34c7f001_b.jpg|51.50371|-0.68404|830734
Montage Los Cabos|https://www.montagehotels.com/loscabos/|Carretera Transpeninsular Km 12.5 Int|Cabo San Lucas|MX|2018-08-01|https://i.travelapi.com/hotels/22000000/21570000/21565900/21565893/95cb2c94_b.jpg|22.93114|-109.8169|850825
Mostar Marriott Hotel|http://www.marriott.com/hotels/travel/omomc-mostar-marriott-hotel/|Husnije Repca b.b.|Mostar|BA|2018-05-15|https://i.travelapi.com/hotels/33000000/32490000/32489400/32489312/93d01335_b.jpg|43.33823|17.81114|1692036
Mount Mulligan Lodge|https://www.mountmulligan.com/|Mount Mulligan Station|Mount Mulligan|AU|2019-05-01|https://i.travelapi.com/hotels/40000000/39810000/39805900/39805898/76293c8e_b.jpg|-16.85597|144.87406|2599204
Mount Mulligan Lodge|https://www.mountmulligan.com/|Mount Mulligan Station|Mount Mulligan|AU|2020-03-01|https://i.travelapi.com/hotels/40000000/39810000/39805900/39805898/76293c8e_b.jpg|-16.85597|144.87406|2599204
Movenpick Hotel du Lac Tunis|https://www.movenpick.com/en/africa/tunisia/tunis/hotel-du-lac-tunis/overview/|Rue du Lac Huron|Tunis|TN|2018-03-01|https://i.travelapi.com/hotels/24000000/23130000/23126000/23125936/10479777_b.jpg|36.83555|10.24832|884812
Myconian Avaton - Design Hotels|https://www.myconianavaton.gr/|Elia Mykonos|Mykonos|GR|2018-02-01|https://i.travelapi.com/hotels/10000000/9360000/9354000/9353934/2d3669cf_b.jpg|37.42207|25.39292|479222
Mystery Hotel Budapest|https://www.mysteryhotelbudapest.com/en/|Podmaniczky utca 45.|Budapest|HU|2019-02-01|https://i.travelapi.com/hotels/27000000/26790000/26781000/26780911/b5be09d9_b.jpg|47.51086|19.06173|966078
Nanuku Auberge Resort|https://nanuku.aubergeresorts.com/|11 Nanuku Drive|Pacific Harbour|FJ|2018-05-01|https://i.travelapi.com/hotels/7000000/6980000/6973200/6973105/e7148672_b.jpg|-18.26228|178.04364|445836
Narendra Bhawan Bikaner|https://narendrabhawan.com/|Karni Nagar|Bikaner|IN|2017-05-01|https://i.travelapi.com/hotels/17000000/16440000/16432500/16432483/5c507fe8_b.jpg|28.03731|73.33712|642175
Nayara Tented Camp|http://nayaratentedcamp.com/|Arenal Volcano National Park|La Fortuna|CR|2019-08-01|https://i.travelapi.com/hotels/41000000/40060000/40057400/40057347/292d9893_b.jpg|10.50337|-84.68695|2701276
Nayara Tented Camp|https://www.nayaratentedcamp.com/|Arenal Volcano National Park|La Fortuna|CR|2020-02-01|https://i.travelapi.com/hotels/41000000/40060000/40057400/40057347/292d9893_b.jpg|10.50337|-84.68695|2701276
Niepce Paris Hotel, Curio Collection by Hilton|http://curiocollection3.hilton.com/en/hotels/france/niepce-paris-hotel-curio-collection-by-hilton-PARFRQQ/index.html|4 Rue Niepce|Paris|FR|2018-04-02|https://i.travelapi.com/hotels/20000000/19870000/19860800/19860784/8fd0a9f9_b.jpg|48.83485|2.318|760221
Nish Palas Istanbul, In the Unbound Collection by Hyatt|https://istanbulnishpalas.hyatt.com/en/hotel/home.html|Harbiye Moh, Abdi Ipekai Cad No 12|Istanbul|TR|2018-06-01|NULL|41.05031|28.99111|911972
Nordport Plaza, Hamburg Airport, A Tribute Portfolio Hotel|http://www.nordport-plaza-hotel.de/?lang=en|Südportal 2|Norderstedt|DE|2018-02-01|https://i.travelapi.com/hotels/21000000/20170000/20169400/20169369/7e3c5d44_b.jpg|53.65353|9.9839|759266
Inn On Long Lake|https://www.north-island.com/|4700 North Island Hwy|Nanaimo|CA|2020-01-01|https://i.travelapi.com/hotels/1000000/80000/77100/77085/fbc2db67_b.jpg|49.21194|-124.02685|171353
Opus XVI|https://opusxvi.no/|Vågsallmenningen 16|Bergen|NO|2018-03-01|https://i.travelapi.com/hotels/23000000/22150000/22143800/22143753/18af1bba_b.jpg|60.39372|5.32723|810647
Orania.Berlin|https://orania.berlin/|Oranienplatz 17|Berlin|DE|2017-09-01|https://i.travelapi.com/hotels/20000000/19270000/19265500/19265408/60d80405_b.jpg|52.50221|13.41689|718316
Palace Elisabeth, Hvar Heritage Hotel|https://www.suncanihvar.com/palace-elisabeth-hvar-heritage-hotel.html|Trg Sv. Stjepana 5|Hvar|HR|2019-08-01|https://i.travelapi.com/hotels/2000000/1620000/1611300/1611257/55044085_b.jpg|43.17253|16.44134|251627
Palacio Solecio|https://palaciosolecio.com/en/|Calle Granada 61|Málaga|ES|2020-01-01|https://i.travelapi.com/hotels/37000000/36310000/36305000/36304956/eb2b9025_b.jpg|36.7223|-4.41784|2135229
Pan Pacific Beijing|https://www.panpacific.com/en/hotels-and-resorts/pp-beijing.html|No. 2 Huayuan Street|Beijing|CN|2017-09-01|https://i.travelapi.com/hotels/20000000/19200000/19194600/19194574/0edf7091_b.jpg|39.91124|116.37155|716631
Autograph Collection Paragraph Resort & Spa Shekvetili|http://www.marriott.com/hotels/travel/busak-paragraph-resort-and-spa-shekvetili-autograph-collection/|Shekvetili Beach, Highway E70|Shekhvetili|GE|2018-03-01|https://i.travelapi.com/hotels/21000000/20140000/20132400/20132310/eaabb024_b.jpg|41.95316|41.76542|771054
Park Hyatt Kyoto|https://www.hyatt.com/en-US/hotel/japan/park-hyatt-kyoto/itmph|360 Kodaiji Masuyacho|Kyoto|JP|2019-11-01|https://i.travelapi.com/hotels/38000000/37610000/37609500/37609460/72636ec7_b.jpg|34.99891|135.78122|2156877
Park Hyatt St. Kitts|https://www.hyatt.com/en-US/hotel/saint-kitts-and-nevis/park-hyatt-st-kitts/skbph|Banana Bay, South East Peninsula|Basseterre|KN|2018-01-01|NULL|17.22886|-62.63819|747799
Hôtel Plage Palace|https://plagepalace.com/en/|336 Avenue Saint-Maurice|Palavas-les-Flots|FR|2020-01-01|https://i.travelapi.com/hotels/25000000/24420000/24419100/24419093/3953ee58_b.jpg|43.54121|3.96909|923588
Planet Hollywood Beach Resort Costa Rica - All Inclusive|https://www.planethollywoodhotels.com/property/costa-rica|Playa Manzanillo Bahia Culebra|Papagayo|CR|2018-09-01|https://i.travelapi.com/hotels/22000000/21890000/21883000/21882911/5def5af0_b.jpg|10.63726|-85.66159|804354
Pullman Zhouzhuang|http://www.pullmanhotels.com/gb/hotel-9113-pullman-zhouzhuang-/index.shtml|No. 88 Quanwang Road|Suzhou|CN|2018-05-01|https://i.travelapi.com/hotels/19000000/18030000/18023700/18023628/272bb395_b.jpg|31.12694|120.85569|700737
Radisson Blu Hotel, Jeddah|https://www.radissonblu.com/en/hotel-dubaiwaterfront|Medina Road|Jeddah|SA|2018-03-01|https://i.travelapi.com/hotels/1000000/920000/911600/911520/04596261_b.jpg|21.51839|39.18155|106071
Radisson Jodhpur|https://www.radisson.com/jodhpur-hotel-rj-342-001/indrdjp|8 Residency Road, Gaurav Path|Jodhpur|IN|2017-10-01|https://i.travelapi.com/hotels/22000000/21960000/21950700/21950659/551d020e_b.jpg|26.26479|73.03111|808462
Radisson Resort Paracas|https://www.radisson.com/nuevo-paracas-ica-hotel-pe-11550/perpape|KM 18.5 Autopista|Paracas|PE|2019-06-01|https://i.travelapi.com/hotels/39000000/38030000/38026600/38026509/9d45d605_b.jpg|-13.80532|-76.24541|2181906
Raffles Singapore|https://www.raffles.com/singapore/|1 Beach Road|Singapore|SG|2019-07-01|https://i.travelapi.com/hotels/1000000/30000/20500/20409/6af50de7_b.jpg|1.29453|103.85495|116216
Relais de Chambord|http://relaisdechambord.com/en/|Place Saint-Louis|Chambord|FR|2018-04-01|https://i.travelapi.com/hotels/22000000/21450000/21446200/21446110/b082b874_b.jpg|47.6159|1.51178|793629
Renaissance Bali Uluwatu Resort & Spa|http://www.marriott.com/hotels/travel/dpsuw-renaissance-bali-uluwatu-resort-and-spa/|Jalan Pantai Balangan 1 No 1|Ungasan|ID|2018-03-01|https://i.travelapi.com/hotels/24000000/23300000/23295400/23295378/6c594838_b.jpg|-8.81288|115.14501|873304
Renaissance Bengaluru Race Course Hotel|http://www.marriott.com/hotels/travel/blrbh-renaissance-bengaluru-race-course-hotel/|No. 17 and 17/1, Madhavanagar Extension|Bengaluru|IN|2018-05-15|https://i.travelapi.com/hotels/28000000/27050000/27041300/27041208/c5bcd709_b.jpg|12.98442|77.57668|978672
Renaissance Hangzhou Northeast Hotel|http://www.marriott.com/hotels/travel/hghne-renaissance-hangzhou-northeast-hotel/|No 607 Renmin Ave, Nanyuan St|Hangzhou|CN|2018-06-15|https://i.travelapi.com/hotels/28000000/27350000/27343300/27343241/af260744_b.jpg|30.41455|120.31029|1009127
Renaissance Paris Vendome Hotel|https://www.marriott.com/hotels/travel/parvd-renaissance-paris-vendome-hotel/|4 Rue Du Mont Thabor|Paris|FR|2018-05-01|https://i.travelapi.com/hotels/1000000/60000/55000/54961/fb4d22bc_b.jpg|48.86541|2.32951|107344
Renaissance Taipei Shihlin Hotel|http://www.marriott.com/hotels/travel/tpesh-renaissance-taipei-shihlin-hotel/|No 8 Ln 470, Section 5|Taipei|TW|2018-06-15|https://i.travelapi.com/hotels/30000000/29150000/29144500/29144406/ecb5ee13_b.jpg|25.09314|121.52944|1036840
Renaissance Warsaw Airport Hotel|http://www.marriott.com/hotels/travel/wawbr-renaissance-warsaw-airport-hotel/|Ul Zwirki i Wigury 1|Warsaw|PL|2018-04-15|https://i.travelapi.com/hotels/23000000/22420000/22412100/22412085/3d14331d_b.jpg|52.17276|20.97287|827833
Reykjavik Konsulat Hotel, Curio Collection by Hilton|http://curiocollection3.hilton.com/en/hotels/iceland/reykjavik-konsulat-hotel-curio-collection-by-hilton-REKCUQQ/index.html|Hafnarstrti 17  19|Reykjavik|IS|2018-01-01|https://i.travelapi.com/hotels/20000000/19390000/19381000/19380922/e66db9b7_b.jpg|64.1482|-21.93872|740281
Rosewood Baha Mar|https://www.rosewoodhotels.com/en/baha-mar|One Bahamar Boulevard|Nassau|BS|2018-06-01|https://i.travelapi.com/hotels/9000000/8700000/8695400/8695378/f52c8b07_b.jpg|25.0679|-77.39769|477301
Rosewood Bermuda|https://www.rosewoodhotels.com/en/bermuda|60 Tucker\'s Point Drive|Hamilton Parish|BM|2018-05-01|https://i.travelapi.com/hotels/3000000/2430000/2425600/2425532/96bb7fc5_b.jpg|32.33946|-64.70078|307584
Rosewood Hong Kong|https://www.rosewoodhotels.com/en/hong-kong|Victoria Dockside 18 Salisbury Rd.|Kowloon|HK|2019-03-15|https://i.travelapi.com/hotels/30000000/29360000/29356100/29356032/b86b0c10_b.jpg|22.29426|114.17421|1680595
Rosewood Hong Kong|https://www.rosewoodhotels.com/en/hong-kong|Victoria Dockside 18 Salisbury Rd.|Kowloon|HK|2020-01-01|https://i.travelapi.com/hotels/30000000/29360000/29356100/29356032/b86b0c10_b.jpg|22.29426|114.17421|1680595
Rosewood Little Dix Bay|https://www.rosewoodhotels.com/en/little-dix-bay-virgin-gorda|Lee Road, Valley|Virgin Gorda|VG|2020-01-15|NULL|18.45882|-64.43469|136504
Rosewood Luang Prabang|https://www.rosewoodhotels.com/en/luang-prabang|Rosewood Luang Prabang|Luang Prabang|LA|2018-03-01|https://i.travelapi.com/hotels/23000000/22320000/22316800/22316772/4aaefe25_b.jpg|19.85752|102.11294|937103
Rosewood Phnom Penh|https://www.rosewoodhotels.com/en/phnom-penh|No. 66 Monivong Blvd. Sangkat Wat Phnom|Phnom Penh|KH|2018-02-01|https://i.travelapi.com/hotels/18000000/17180000/17171500/17171429/a20a65af_b.jpg|11.57358|104.91957|844893
Rosewood Sanya|https://www.rosewoodhotels.com/en/sanya|No. 6 Haitang North Road|Sanya|CN|2017-09-01|https://i.travelapi.com/hotels/19000000/18130000/18123900/18123818/a536f937_b.jpg|18.35893|109.73756|721659
RYSE, Autograph Collection|http://www.marriott.com/hotels/travel/selsa-ryse-autograph-collection/|130, Yanghwa-ro, Mapo-gu|Seoul|KR|2018-04-15|https://i.travelapi.com/hotels/3000000/2460000/2455100/2455064/88fdb182_b.jpg|37.55467|126.92096|308896
S Hotel Jamaica|https://www.shoteljamaica.com/|7 Jimmy Cliff Blvd|Montego Bay|JM|2019-01-15|https://i.travelapi.com/hotels/32000000/31380000/31370700/31370664/bbd4486b_b.jpg|18.48773|-77.92782|1783384
SAii Lagoon Maldives, Curio Collection by Hilton|https://curiocollection3.hilton.com/en/hotels/maldives/saii-lagoon-maldives-curio-collection-by-hilton-MLEGSQQ/index.html|South Male Atoll|Emboodhoo Lagoon|MV|2019-08-01|https://i.travelapi.com/hotels/31000000/30440000/30435500/30435488/5ce8cfde_b.jpg|4.1202|73.4681|1638546
Santarena Hotel at Las Catalinas|https://www.santarenahotel.com/|Las Catalinas Road.|Las Catalinas|CR|2019-02-15|https://i.travelapi.com/hotels/31000000/30450000/30440300/30440211/88121c66_b.jpg|10.4824|-85.78604|1622202
Sanya Yazhou Bay Resort, Curio Collection by Hilton|http://curiocollection3.hilton.com/en/hotels/china/sanya-yazhou-bay-resort-curio-collection-by-hilton-SYXCUQQ/index.html|Creative New City Yazhou Bay|Sanya|CN|2017-09-01|https://i.travelapi.com/hotels/17000000/16710000/16700200/16700133/9f64cdfb_b.jpg|18.32986|109.15777|696437
Mercure Brighton Seafront Hotel|http://www.seafront.gm/|149 Kings Road|Brighton|GB|2018-01-01|https://i.travelapi.com/hotels/1000000/40000/34400/34314/7ffd9e0a_b.jpg|50.8225|-0.1555|139061
Serafina Beach Hotel|https://www.serafinabeachhotel.com/|1045 Avenida Doctor Ashford|San Juan|PR|2018-05-01|https://i.travelapi.com/hotels/19000000/18570000/18567200/18567124/5f381643_b.jpg|18.45911|-66.07737|698257
Seya Beach Hotel - Alacati|https://www.labranda.com/en/hotel/seya-beach-hotel.html|Alacati Mahallesi Cark Plaji Mevkii 8010|Cesme|TR|2018-05-01|https://i.travelapi.com/hotels/16000000/15480000/15471300/15471254/fb6be07a_b.jpg|38.24755|26.38268|601617
Shama Lakeview Asoke Bangkok|https://www.shama.com/lakeview-asoke/|No.41 Sukhumvit 16, Sukhumvit Road|Bangkok|TH|2018-03-01|https://i.travelapi.com/hotels/23000000/22450000/22448200/22448148/bfcc8c0b_b.jpg|13.73015|100.56132|827230
Shangri-La Hotel, Suzhou Yuanqu|https://www.shangri-la.com/suzhou/shangrila/|Tower 2, GCL Plaza, 99 Si’an Street|Suzhou|CN|2019-11-01|https://i.travelapi.com/hotels/37000000/36280000/36275300/36275205/2675e846_b.jpg|31.31738|120.71838|2037784
Sandies Tropical Village|http://www.silversandsgrenada.com/en|Casuarina Road|Malindi|KE|2018-07-01|https://i.travelapi.com/hotels/5000000/4590000/4581800/4581721/495aa09d_b.jpg|-3.23826|40.12503|389770
Six Senses Duxton|http://www.sixsenses.com/hotels/duxton/destination|83 Duxton Road|Singapore|SG|2018-04-01|https://i.travelapi.com/hotels/1000000/900000/893000/892933/683799b2_b.jpg|1.27875|103.84329|106976
SLS at Baha Mar|https://slshotels.com/bahamar/|One Baha Mar Boulevard|Nassau|BS|2018-02-01|https://i.travelapi.com/hotels/21000000/20300000/20296000/20295959/1b10a262_b.jpg|25.07195|-77.39824|763885
Sofa Hotel Istanbul, Autograph Collection|https://www.thesofahotel.com.tr/|Tesvikiye Caddesi No:41-41A Nisantasi|Istanbul|TR|2018-07-01|https://i.travelapi.com/hotels/2000000/1470000/1465500/1465474/1e339ec3_b.jpg|41.0505|28.99282|250702
Sofitel Foshan|https://sofitel.accorhotels.com/gb/hotel-8719-sofitel-foshan/index.shtml|3 Hebin Road South, Lecong Town|Foshan|CN|2018-06-01|https://i.travelapi.com/hotels/19000000/18420000/18410300/18410254/fa20c55f_b.jpg|22.94747|113.08576|714614
Sofitel Guiyang Hunter|http://www.sofitel.com/gb/hotel-8873-sofitel-guiyang-hunter/index.shtml|33 Dusigaojiaqiao Road|Guiyang|CN|2017-05-01|https://i.travelapi.com/hotels/16000000/16000000/15990300/15990261/66883543_b.jpg|26.57594|106.71914|670408
Sofitel Mexico City Reforma|https://sofitel.accor.com/hotel/9615/index.en.shtml|297 Avenue Paseo de la Reforma|Mexico City|MX|2020-01-01|https://i.travelapi.com/hotels/35000000/34960000/34959000/34958967/906fd8d4_b.jpg|19.4284|-99.1658|1894761
Solaz, A Luxury Collection Resort, Los Cabos|http://www.solazloscabos.com/|Km 18 5 Carretera Transpeninsular Csl-sj|San Jose del Cabo|MX|2018-06-01|https://i.travelapi.com/hotels/22000000/21140000/21136700/21136644/937a9c98_b.jpg|22.97423|-109.78205|802604
The St. Regis Astana|http://www.starwoodhotels.com/stregis/directory/new-hotels/europe/kz/list.html|1 Kabanbay Batyr Avenue|Nur-Sultan|KZ|2017-09-01|https://i.travelapi.com/hotels/18000000/17480000/17477200/17477113/c13e9855_b.jpg|51.15257|71.42426|672736
The St. Regis Changsha|http://www.starwoodhotels.com/stregis/property/overview/index.html?language=en_US&propertyID=3650|Yunda Central Plaza, No. 289|Changsha|CN|2017-04-01|https://i.travelapi.com/hotels/17000000/16650000/16648300/16648281/02fddb4b_b.jpg|28.16967|113.04377|666498
The St. Regis Shanghai Jingan|http://www.starwoodhotels.com/stregis/property/overview/index.html?language=en_US&propertyID=4395|1008 West Beijing Road|Shanghai|CN|2017-05-22|https://i.travelapi.com/hotels/5000000/4450000/4448800/4448798/4391c646_b.jpg|31.23265|121.45198|382433
The St. Regis Venice|https://www.marriott.com/hotels/travel/vcexr-the-st-regis-venice/|Campo Barozzi|Venice|IT|2019-10-01|https://i.travelapi.com/hotels/1000000/10000/3700/3624/994363da_b.jpg|45.43194|12.33551|173176
The St. Regis Zhuhai|http://www.starwoodhotels.com/stregis/property/overview/index.html?language=en_US&propertyID=3598|No. 1663 Yinwan Road, Wanzai|Zhuhai|CN|2018-07-15|https://i.travelapi.com/hotels/33000000/32920000/32911400/32911305/c0bd284d_b.jpg|22.1728|113.52101|1757970
Steigenberger marhaba thalasso|https://www.steigenberger.com/en/hotels/all-hotels/tunisia/hammamet/steigenberger-marhaba-thalasso|Avenue Moncef Bey|Hammamet|TN|2018-03-01|https://i.travelapi.com/hotels/1000000/20000/11100/11070/0a93fee6_b.jpg|36.40066|10.573|143023
Sul Villas & Spa|https://sulvillasazores.com/|R. do Dr. Filomeno da Câmara, 42|Lagoa|PT|2020-01-01|https://i.travelapi.com/hotels/33000000/32910000/32908800/32908754/53cce1eb_b.jpg|37.74507|-25.56672|1759708
Taj Rishikesh Resort & Spa, Uttarakhand|https://www.tajhotels.com/en-in/taj/taj-rishikesh/|Singthali, Rishikesh - Devprayag Road|Narendranagar|IN|2020-01-01|https://i.travelapi.com/hotels/33000000/32940000/32934200/32934156/b73ff22c_b.jpg|30.05796|78.48188|1942174
The Biltmore Mayfair, LXR Hotels & Resorts|https://lxrhotels3.hilton.com/lxr/biltmore-mayfair/|44 Grosvenor Square|London|GB|2019-09-15|https://i.travelapi.com/hotels/1000000/50000/47600/47581/17e1e78b_b.jpg|51.51096|-0.15115|106275
The Bodrum EDITION|https://www.editionhotels.com/bodrum/|Dirmil Mahallesi, Balyek Caddesi No 5A|Bodrum|TR|2018-07-01|https://i.travelapi.com/hotels/26000000/25780000/25770100/25770011/883c9491_b.jpg|37.1152|27.31158|949985
The Chow Kit - an Ormond Hotel|https://www.thechowkit.com/|1012 Jalan Sultan Ismail|Kuala Lumpur|MY|2019-12-01|https://i.travelapi.com/hotels/40000000/39820000/39812200/39812138/129f6699_b.jpg|3.16014|101.69666|2557607
The Fives Downtown Hotel & Residences, Curio Collection by Hilton|http://curiocollection3.hilton.com/en/hotels/mexico/the-fives-downtown-hotel-and-residences-curio-collection-by-hilton-CUNCUQQ/index.html|Avenida 10 Calle 2|Playa del Carmen|MX|2018-02-01|https://i.travelapi.com/hotels/20000000/19140000/19138900/19138867/f05b09c2_b.jpg|20.6239|-87.07552|714243
The Houghton Hotel, Spa, Wellness & Golf|https://thehoughtonhotel.com/|Lloys Ellis Ave|Johannesburg|ZA|2019-05-01|https://i.travelapi.com/hotels/35000000/34160000/34157500/34157423/e033b5c9_b.jpg|-26.16765|28.07455|1943664
The Liming Bequia|https://thelimingbequia.com/|Bequia Island|Bequia Island|VC|2018-11-15|https://i.travelapi.com/hotels/21000000/20250000/20247800/20247713/bad9c3a9_b.jpg|13.01171|-61.22723|762299
The Longhouse Jimbaran Bali|http://www.thelonghousebali.com/the-longhouse|Tiara Nusa Estate Jalan Goa Gong|Jimbaran|ID|2018-03-01|https://i.travelapi.com/hotels/24000000/23410000/23402900/23402814/0cb3e011_b.jpg|-8.80628|115.18096|879870
The Loren at Pink Beach|http://www.thelorenhotel.com/|116 South Shore Rd|Smith\'s|BM|2017-09-01|https://i.travelapi.com/hotels/18000000/17330000/17325300/17325260/5cc56271_b.jpg|32.32263|-64.70998|659963
The Lumiares Hotel & Spa|https://www.thelumiares.com/|Rua do Diario de Noticas, 142|Lisbon|PT|2019-10-01|https://i.travelapi.com/hotels/19000000/18270000/18268600/18268511/fda973eb_b.jpg|38.71386|-9.14445|690068
The Ned|https://www.thened.com/|27 Poultry|London|GB|2017-05-01|https://i.travelapi.com/hotels/25000000/25000000/24991300/24991201/d43a9074_b.jpg|51.51387|-0.08976|934697
The Oberoi Marrakech|https://www.oberoihotels.com/hotels-in-morocco-marrakech/|Tribu R\'hamna - Fraction Touhina|Marrakech|MA|2020-01-01|https://i.travelapi.com/hotels/41000000/40040000/40036900/40036856/a15d223a_b.jpg|31.61228|-7.90434|2700281
The Ocean Club, A Four Seasons Resort, Bahamas|https://www.fourseasons.com/oceanclub/|One Ocean Drive|Paradise Island|BS|2017-11-30|https://i.travelapi.com/hotels/1000000/540000/539100/539097/ed69fb39_b.jpg|25.08362|-77.31144|141105
The Okura Tokyo|http://www.hotelokura.co.jp/tokyo/en/|2-10-4 Toranomon|Tokyo|JP|2018-09-15|https://i.travelapi.com/hotels/34000000/33340000/33333700/33333699/bfa89396_b.jpg|35.66693|139.74425|1894470
The Pantheon Iconic Rome Hotel, Autograph Collection|http://www.marriott.com/hotels/travel/rompa-the-pantheon-iconic-rome-hotel-autograph-collection/|Via di Santa Chiara 4/A|Rome|IT|2018-04-15|https://i.travelapi.com/hotels/24000000/23980000/23972600/23972532/c62abdaf_b.jpg|41.89832|12.47639|900010
The Prince Akatoki London|https://www.theprinceakatokilondon.com/|50 Great Cumberland Place|London|GB|2019-10-01|https://i.travelapi.com/hotels/4000000/3010000/3005800/3005785/89fb5285_b.jpg|51.516|-0.1602|328246
The Ritz-Carlton Ras Al Khaimah, Al Wadi Desert|http://www.ritzcarlton.com/en/hotels/uae/al-wadi-desert|Al Mazraa|Ras Al Khaimah|AE|2018-01-01|https://i.travelapi.com/hotels/4000000/3140000/3135700/3135690/c2deb8d6_b.jpg|25.5849|55.83522|339047
The Ritz-Carlton Ras Al Khaimah, Al Hamra Beach|http://www.ritzcarlton.com/en/hotels/uae/al-hamra-beach|Vienna Street|Ras Al Khaimah|AE|2018-03-01|https://i.travelapi.com/hotels/21000000/20090000/20086500/20086500/2b10a667_b.jpg|25.69436|55.7759|849597
The Ritz-Carlton, Hotel de la Paix, Geneva|http://www.ritzcarlton.com/en/hotels/europe/geneva/hotel-overview|11, Quai du Mont-Blanc|Geneva|CH|2017-08-01|https://i.travelapi.com/hotels/1000000/30000/22700/22672/32434e26_b.jpg|46.20789|6.14886|115932
The Ritz-Carlton New York, Central Park|http://www.ritzcarlton.com/en/hotels/china/jiuzhaigou|50 Central Park S|New York|US|2018-05-15|https://i.travelapi.com/hotels/1000000/810000/807700/807655/a2005db3_b.jpg|40.76552|-73.97589|106256
The Ritz-Carlton, Langkawi|http://www.ritzcarlton.com/en/hotels/malaysia/langkawi|Jalan Pantai Kok|Langkawi|MY|2018-01-01|https://i.travelapi.com/hotels/19000000/18200000/18191400/18191339/a1afaf7d_b.jpg|6.36154|99.69986|692137
The Ritz-Carlton, Perth|https://www.ritzcarlton.com/en/hotels/australia/perth|1 BARRACK STREET|Perth|AU|2019-11-01|https://i.travelapi.com/hotels/40000000/39660000/39655700/39655601/820e1d4a_b.jpg|-31.95644|115.85876|2534954
The Royal Blue|http://www.royalblueresort.com/|Panormos|Mylopotamos|GR|2018-04-01|https://i.travelapi.com/hotels/6000000/5380000/5377800/5377734/db392b5a_b.jpg|35.41845|24.66041|417764
The Royal Crescent Hotel & Spa|https://www.royalcrescent.co.uk/|16 Royal Crescent|Bath|GB|2018-02-01|https://i.travelapi.com/hotels/1000000/520000/518700/518649/4e063a3e_b.jpg|51.38727|-2.36819|182106
The Santa Maria, A Luxury Collection Hotel & Golf Resort, Panama City|http://www.starwoodhotels.com/luxury/property/overview/index.html?propertyID=4252&language=en_US|Santa Maria Boulevard|Panama City|PA|2018-01-01|https://i.travelapi.com/hotels/21000000/20960000/20958600/20958573/3073c1c3_b.jpg|9.02761|-79.45127|846145
The Seminyak Beach Resort & Spa|https://www.theseminyak.com/|Jl. Kayu Aya, Seminyak Beach|Seminyak|ID|2018-04-01|https://i.travelapi.com/hotels/2000000/1720000/1717300/1717203/7296cdd8_b.jpg|-8.68622|115.15474|395243
The Sense Experience Resort|https://preferredhotels.com/property/sense-experience-resort-93186|Viale Italia 315|Follonica|IT|2020-01-01|https://i.travelapi.com/hotels/32000000/31890000/31888200/31888190/232b53fc_b.jpg|42.93869|10.71679|1791700
The Setai|http://www.thesetaihotel.co.il/?setai_tel_aviv=setai-tel-aviv&lang=en|2001 Collins Ave|Miami Beach|US|2018-04-01|https://i.travelapi.com/hotels/2000000/1130000/1126600/1126560/39beaf68_b.jpg|25.79591|-80.12895|195620
The Shanghai EDITION|http://www.marriott.com/hotels/travel/shaeb-the-shanghai-edition/|199 Nanjing Road East, Huangpu|Shanghai|CN|2018-06-15|https://i.travelapi.com/hotels/26000000/25770000/25770000/25769939/d698d7e0_b.jpg|31.23789|121.48592|949984
The St. Regis Cairo|http://www.starwoodhotels.com/stregis/property/overview/index.html?propertyID=3340&language=en_US|Mnia Al Kmh - Cairo Rd. Boulaq Num. 5|Cairo|EG|2018-07-01|https://i.travelapi.com/hotels/33000000/32920000/32911300/32911300/e7ae6a0c_b.jpg|30.06299|31.22734|1756444
The St. Regis Hong Kong|https://www.marriott.com/hotels/travel/hkgxr-the-st-regis-hong-kong/|1 Harbour Drive|Hong Kong|HK|2019-04-01|https://i.travelapi.com/hotels/36000000/35560000/35555600/35555583/f57514a1_b.jpg|22.28017|114.17487|1961709
The St. Regis Zhuhai|http://www.starwoodhotels.com/stregis/property/overview/index.html?propertyID=3598&language=en_US|No. 1663 Yinwan Road, Wanzai|Zhuhai|CN|2018-09-25|https://i.travelapi.com/hotels/33000000/32920000/32911400/32911305/c0bd284d_b.jpg|22.1728|113.52101|1757970
The Standard Hollywood|https://www.standardhotels.com/london/properties/london|8300 W Sunset Blvd|West Hollywood|US|2019-10-01|https://i.travelapi.com/hotels/1000000/440000/439700/439643/bd6f855a_b.jpg|34.09614|-118.37118|142046
The Stratford Park Hotel & Golf Club|https://manhattanloftgardens.com/the-stratford/|Ingon Manor|Stratford-upon-Avon|GB|2019-05-30|https://i.travelapi.com/hotels/18000000/17050000/17047100/17047084/3efc3cc8_b.jpg|52.22008|-1.68774|654961
The Stratford Park Hotel & Golf Club|https://www.thestratford.com/hotel/|Ingon Manor|Stratford-upon-Avon|GB|2019-10-01|https://i.travelapi.com/hotels/18000000/17050000/17047100/17047084/3efc3cc8_b.jpg|52.22008|-1.68774|654961
The Sukhothai Shanghai|https://www.slh.com/hotels/the-sukhothai-shanghai/|380 Weihai Road|Shanghai|CN|2018-01-01|https://i.travelapi.com/hotels/20000000/19720000/19716200/19716143/23248d72_b.jpg|31.22719|121.46419|762697
The Sukhothai Shanghai|https://www.sukhothai.com/shanghai/en|380 Weihai Road|Shanghai|CN|2018-04-28|https://i.travelapi.com/hotels/20000000/19720000/19716200/19716143/23248d72_b.jpg|31.22719|121.46419|762697
The Trafalgar St. James London, Curio Collection by Hilton|http://curiocollection3.hilton.com/en/hotels/united-kingdom/the-trafalgar-st-james-london-curio-collection-by-hilton-LONTSQQ/index.html|2 Spring Gardens|London|GB|2017-07-01|https://i.travelapi.com/hotels/1000000/700000/693900/693827/790b1d98_b.jpg|51.50743|-0.12905|195145
The Verandah|http://theverahotel.com/|191 Moo 2, Ao Nang|Krabi|TH|2018-03-01|https://i.travelapi.com/hotels/6000000/5330000/5321900/5321843/62d41d8d_b.jpg|8.03189|98.82346|415870
The Westin Kolkata Rajarhat|https://www.starwoodhotels.com/preferredguest/property/overview/index.html?propertyID=3274|Plot No CBD 2 Action Area II New Town|Kolkata|IN|2017-09-23|https://i.travelapi.com/hotels/17000000/16720000/16714900/16714839/8116f748_b.jpg|22.5913|88.47555|756135
The Westin Maldives Miriandhoo Resort|https://www.marriott.com/hotels/travel/mlewi-the-westin-maldives-miriandhoo-resort/|Miriandhoo Island|Miriandhoo Island|MV|2018-10-15|https://i.travelapi.com/hotels/26000000/25030000/25027600/25027536/38cfa4eb_b.jpg|5.0638|73.02974|936911
The Westin Perth|https://www.starwoodhotels.com/preferredguest/property/overview/index.html?propertyID=4010|480 Hay Street|Perth|AU|2018-04-27|https://i.travelapi.com/hotels/23000000/22400000/22394400/22394359/00ea0d78_b.jpg|-31.9553|115.86418|835777
The White Horse Hotel Romsey|https://www.whitehorsedorking.com/|Market Place|Romsey|GB|2018-03-01|https://i.travelapi.com/hotels/1000000/10000/2600/2597/445b7d88_b.jpg|50.98892|-1.49904|311630
Thompson Zihuatanejo, a Beach Resort|https://www.thompsonhotels.com/hotels/mexico/zihuatanejo/thompson-zihuatanejo|Playa La Ropa S/N|Zihuatanejo|MX|2019-12-15|NULL|17.63104|-101.54536|181283
TRUNK HOTEL|https://trunk-hotel.com/|5-31 Jingumae, Shibuya-ku|Tokyo|JP|2017-09-01|https://i.travelapi.com/hotels/19000000/18270000/18265800/18265733/c24eda4e_b.jpg|35.6642|139.70416|689991
V Hotel Dubai, Curio Collection by Hilton|https://curiocollection3.hilton.com/en/hotels/uae/v-hotel-dubai-curio-collection-by-hilton-DXBVHQQ/index.html|Sheikh Zayed Road|Dubai|AE|2018-07-01|https://i.travelapi.com/hotels/14000000/13330000/13320200/13320158/4afe334d_b.jpg|25.18456|55.25326|568320
Viceroy Los Cabos|https://www.viceroyhotelsandresorts.com/en/loscabos|Paseo Malecon San Jose Lote 8|San Jose del Cabo|MX|2018-05-01|https://i.travelapi.com/hotels/12000000/11580000/11573500/11573440/baea0ce8_b.jpg|23.04517|-109.69834|532659
Villa Orsula|https://www.adriaticluxuryhotels.com/en/villa-orsula|Ul. Frana Supila 14|Dubrovnik|HR|2018-04-01|https://i.travelapi.com/hotels/6000000/5020000/5013400/5013311/1ff7064f_b.jpg|42.64067|18.12125|409535
W Amman|http://www.starwoodhotels.com/whotels/property/overview/index.html?propertyID=3341&language=en_US|13 Rafiq Al Hariri Ave|Amman|JO|2018-02-01|https://i.travelapi.com/hotels/21000000/20960000/20958700/20958666/4dff4c1d_b.jpg|31.96431|35.90328|810158
W Kuala Lumpur|https://www.marriott.com/hotels/travel/kulwh-w-kuala-lumpur/|121 Jalan Ampang|Kuala Lumpur|MY|2018-08-01|https://i.travelapi.com/hotels/25000000/24160000/24153800/24153752/9e3e0f89_b.jpg|3.15841|101.70955|966430
W Panama|http://www.starwoodhotels.com/whotels/property/overview/index.html?propertyID=3784&language=en_US|Calle Aquilino de la Guardia & Calle 50|Panama City|PA|2018-01-01|https://i.travelapi.com/hotels/22000000/21320000/21314100/21314035/8bb208a6_b.jpg|8.97972|-79.52451|810166
W XIAN|https://www.marriott.com/hotels/travel/xiywh-w-xian/|333 Qujiang Chi East Road|Xi\'an|CN|2018-08-01|https://i.travelapi.com/hotels/26000000/25850000/25843300/25843208/9334962d_b.jpg|34.19583|108.98892|953752
Waldorf Astoria Dubai International Financial Centre|https://waldorfastoria3.hilton.com/en/hotels/uae/waldorf-astoria-dubai-international-financial-centre-DXBWAWA/index.html|Burj Daman, Happiness Street, DIFC|Dubai|AE|2019-05-01|https://i.travelapi.com/hotels/34000000/33090000/33086700/33086673/0487e9b7_b.jpg|25.21141|55.28111|1864233
Waldorf Astoria Maldives Ithaafushi|https://waldorfastoria3.hilton.com/en/hotels/maldives/waldorf-astoria-maldives-ithaafushi-MLEONWA/index.html|South Male Atoll|Ithaafushi|MV|2019-01-01|https://i.travelapi.com/hotels/33000000/32160000/32150400/32150301/bd74d735_b.jpg|4.01431|73.39474|1855621
West Hotel Sydney, Curio Collection by Hilton|http://curiocollection3.hilton.com/en/hotels/new-south-wales/west-hotel-sydney-curio-collection-by-hilton-SYDWHQQ/index.html|65 Sussex Street|Sydney|AU|2017-12-13|https://i.travelapi.com/hotels/21000000/20600000/20594100/20594078/e6c89466_b.jpg|-33.86727|151.20326|778196
Wild Coast Tented Lodge - All Inclusive|http://www.resplendentceylon.com/wildcoastlodge-yala/|Palatupana|Tissamaharama|LK|2017-09-01|https://i.travelapi.com/hotels/20000000/19650000/19643400/19643398/a8b6be9a_b.jpg|6.26104|81.40853|732883
Wymara Resort and Villas|https://wymararesortandvillas.com/rooms/luxury-villas/|Lower Bight Road|Providenciales|TC|2019-01-01|https://i.travelapi.com/hotels/3000000/2440000/2431400/2431321/dc2c083f_b.jpg|21.78265|-72.21005|273845
Wyndham Doha West Bay|https://www.wyndhamhotels.com/wyndham/doha-qatar/wyndham-doha-west_bay/overview|Maysaloun Street, West Bay|Doha|QA|2019-01-01|https://i.travelapi.com/hotels/24000000/23480000/23471300/23471209/670bc858_b.jpg|25.322|51.5253|884132
Wyndham Grand Plaza Royale Ningbo|https://www.wyndhamhotels.com/wyndham-grand/ningbo-china/wyndham-grand-plaza-royale-ningbo/overview|230 Liuting Street|Ningbo|CN|2019-02-01|https://i.travelapi.com/hotels/2000000/1590000/1589100/1589013/07b54ed7_b.jpg|29.8699|121.53473|249734
Wyndham Grand Yangon Hotel|https://www.wyndhamgrandyangon.com/|No.11, Corner of Kan Yeik Thar Road &|Yangon|MM|2019-01-01|https://i.travelapi.com/hotels/34000000/33720000/33711200/33711182/00afb3ba_b.jpg|16.79248|96.17016|1787466
Wyndham Guilin Pingle|https://www.wyndhamhotels.com/wyndham/guilin-china/wyndham-guilin-pingle/overview|9 Zhaozhou Avenue|Guilin|CN|2019-01-15|https://i.travelapi.com/hotels/23000000/22390000/22384700/22384606/1edfdc06_b.jpg|25.29245|110.28601|830435
Wyndham Nankunshan|https://www.wyndhamhotels.com/wyndham/huizhou-china/wyndham-nankunshan/overview|Yiyunsiji No. 1 Zenglong Road|Huizhou|CN|2018-12-01|https://i.travelapi.com/hotels/26000000/25140000/25133700/25133603/b262dcab_b.jpg|23.5672|113.98745|953242
Wyndham Opi Hotel Palembang|https://www.wyndhamhotels.com/wyndham/palembang-indonesia/wyndham-opi-hotel-palembang/overview|Komplek Opi Mall, Jl. Gubernur|Palembang|ID|2018-09-01|https://i.travelapi.com/hotels/24000000/23420000/23417200/23417144/c44ae2e3_b.jpg|-3.03652|104.79119|880850
Wyndham Shenzhou Peninsula|https://www.wyndhamhotels.com/wyndham/wanning-china/wyndham-shenzhou-peninsula/overview|No 86 Potou Port, Liji Town|Wanning|CN|2018-03-01|https://i.travelapi.com/hotels/21000000/20010000/20009400/20009360/b5b14b25_b.jpg|18.67891|110.33057|810140
Wyndham Suzhou Fenhu|https://www.wyndhamhotels.com/wyndham/suzhou-china/wyndham-suzhou-fenhu/overview?ICID=IN%3AHR%3A20180206%3AAHDC1%3ANEWLOCATIONS%3A48779|No 888 Lusheng Road Fenhu High-tech|Suzhou|CN|2018-06-01|https://i.travelapi.com/hotels/22000000/21770000/21766900/21766808/3c53a710_b.jpg|31.03216|120.84189|1017537
Name||Address1|City|Country|1969-12-31|NULL|Latitude|Longitude|EANHotelID
